Number,Total_Total,Total_0_4,Total_5_9,Total_10_14,Total_15_19,Total_20_24,Total_25_29,Total_30_34,Total_35_39,Total_40_44,Total_45_49,Total_50_54,Total_55_59,Total_60_64,Total_65_69,Total_70_74,Total_75_79,Total_80_84,Total_85_89,Total_90andOver,Males_Total,Males_0_4,Males_5_9,Males_10_14,Males_15_19,Males_20_24,Males_25_29,Males_30_34,Males_35_39,Males_40_44,Males_45_49,Males_50_54,Males_55_59,Males_60_64,Males_65_69,Males_70_74,Males_75_79,Males_80_84,Males_85_89,Males_90andOver,Females_Total,Females_0_4,Females_5_9,Females_10_14,Females_15_19,Females_20_24,Females_25_29,Females_30_34,Females_35_39,Females_40_44,Females_45_49,Females_50_54,Females_55_59,Females_60_64,Females_65_69,Females_70_74,Females_75_79,Females_80_84,Females_85_89,Females_90andOver
Total,4044210,183080,198740,206390,215230,244540,287000,297800,299520,299290,311740,296070,305830,284630,229400,170010,90990,66510,36590,20880,1977560,93390,101730,104970,109870,124620,142380,143020,141360,142800,151690,145380,152960,141470,112610,80820,40770,27890,13520,6310,2066650,89690,97010,101430,105370,119920,144620,154780,158160,156490,160050,150690,152870,143160,116790,89190,50220,38630,23060,14560
Ang Mo Kio - Total,162280,5280,6100,7030,7600,8680,10320,10490,10420,11350,12410,11860,12780,12730,11960,9930,5770,4150,2280,1130,77570,2710,3020,3590,3870,4410,5100,5030,4890,5270,5910,5720,6330,6090,5480,4570,2570,1800,890,320,84700,2570,3080,3440,3730,4280,5220,5460,5530,6070,6500,6140,6450,6650,6480,5350,3200,2350,1390,810
Ang Mo Kio Town Centre,4810,170,240,280,320,270,280,290,330,400,470,370,320,300,250,230,140,100,40,20,2260,90,130,120,160,130,140,130,140,180,230,190,160,140,110,100,60,40,10,10,2550,80,110,160,160,140,140,170,190,230,250,180,150,160,140,130,80,60,30,20
Cheng San,28070,1060,1040,1040,1160,1330,1710,2000,2150,2070,2200,2050,2120,2120,2170,1730,960,640,350,180,13480,570,540,570,600,710,850,920,1000,980,1060,1000,1060,960,960,820,420,290,130,50,14600,490,510,470,560,620,860,1080,1140,1090,1140,1050,1060,1170,1210,920,540,360,210,130
Chong Boon,26500,860,840,1010,1060,1310,1610,1890,1730,1800,1820,1900,2090,2140,2100,1800,1130,780,430,200,12860,450,450,550,590,700,790,920,830,840,880,910,1050,1040,970,820,520,340,180,60,13640,420,400,470,470,610,820,980,910,960,940,990,1040,1110,1130,990,610,440,250,140
Kebun Bahru,22620,660,810,950,1010,1170,1420,1410,1450,1620,1790,1710,1800,1750,1690,1430,840,620,340,160,10660,310,340,460,480,600,670,660,660,770,850,830,930,830,790,640,370,280,150,50,11970,350,470,490,530,570,740,740,780,860,940,890,870,920,910,790,470,350,190,110
Sembawang Hills,6850,210,310,400,460,500,500,350,310,370,550,540,550,480,410,370,230,150,100,60,3210,110,130,180,220,240,240,170,130,170,260,270,260,250,190,170,100,70,40,30,3650,100,190,220,240,260,260,190,180,210,290,270,300,220,220,200,130,80,60,40
Shangri-La,15960,550,560,640,710,860,980,1020,990,1010,1210,1200,1390,1270,1180,960,620,430,250,130,7780,300,290,330,390,430,500,500,490,490,590,580,730,630,570,410,250,180,90,30,8180,260,270,310,320,430,480,520,500,530,620,620,660,640,610,550,370,250,170,100
Tagore,7950,210,310,400,450,580,670,490,340,440,580,580,670,730,550,380,210,190,120,60,3790,100,140,210,210,270,350,260,160,180,250,270,300,350,280,200,100,90,50,20,4160,110,170,190,250,310,320,240,180,250,330,310,360,380,270,180,110,100,70,50
Townsville,21140,660,860,930,820,890,1310,1400,1410,1650,1560,1360,1580,1660,1530,1420,880,680,360,190,9930,320,470,490,430,440,640,700,640,770,750,650,760,780,660,620,370,280,130,50,11210,340,400,430,390,450,670,710,770,880,810,710,820,880,860,810,510,400,230,140
Yio Chu Kang,20,-,-,-,-,-,-,-,-,-,-,-,-,-,-,-,-,-,-,-,-,-,-,-,-,-,-,-,-,-,-,-,-,-,-,-,-,-,-,-,-,-,-,-,-,-,-,-,-,-,-,-,-,-,-,-,-,-,-,-
Yio Chu Kang East,4200,160,170,200,260,310,320,230,240,260,320,290,330,380,260,200,110,80,40,30,2090,90,90,110,130,150,170,120,110,120,140,140,150,200,120,110,70,40,20,10,2120,70,80,90,130,160,150,110,140,140,180,150,180,180,140,90,40,40,20,20
Yio Chu Kang North,-,-,-,-,-,-,-,-,-,-,-,-,-,-,-,-,-,-,-,-,-,-,-,-,-,-,-,-,-,-,-,-,-,-,-,-,-,-,-,-,-,-,-,-,-,-,-,-,-,-,-,-,-,-,-,-,-,-,-,-
Yio Chu Kang West,24150,750,950,1190,1350,1460,1540,1400,1480,1720,1910,1850,1950,1910,1820,1400,640,480,250,110,11520,390,460,570,670,730,750,670,730,780,900,890,940,910,820,690,300,200,100,30,12630,350,490,620,680,730,780,730,750,940,1010,960,1010,1000,1000,710,340,290,150,80
Bedok - Total,276990,9790,11490,12810,14080,16050,18870,18360,17730,19500,21090,20050,21950,21860,19030,15230,8020,5810,3310,1970,134210,4980,5810,6470,7160,8310,9460,9020,8180,9000,10220,9800,10760,10670,9140,7300,3660,2440,1230,600,142790,4810,5680,6340,6920,7730,9410,9340,9550,10510,10870,10250,11180,11190,9890,7930,4370,3360,2070,1380
Bayshore,7450,340,490,480,450,360,310,360,550,770,860,650,510,400,350,280,130,90,40,50,3580,180,250,240,210,170,160,150,230,340,430,330,280,180,180,150,50,40,20,10,3870,150,240,240,240,190,150,210,320,430,430,320,240,220,170,130,70,50,30,40
Bedok North,81840,2710,3080,3440,4000,4760,5620,5280,5100,5670,5960,6030,6950,6560,5980,4920,2550,1740,970,540,39700,1400,1580,1750,2050,2470,2730,2650,2360,2660,2880,2980,3500,3210,2760,2300,1160,730,370,160,42140,1310,1500,1680,1950,2290,2890,2620,2740,3010,3080,3050,3450,3360,3220,2620,1390,1010,610,370
Bedok Reservoir,25470,1100,1270,1400,1510,1490,1600,1830,1900,2090,2110,1920,1840,1800,1550,1050,470,310,160,80,12480,580,620,730,740,780,830,860,890,980,1020,940,930,870,760,530,230,130,60,30,12990,520,650,670,770,720,770,970,1010,1110,1090,980,920,930,790,520,250,180,110,50
Bedok South,46690,1430,1730,2120,2300,2740,3130,2920,2700,3050,3490,3430,3730,3740,3360,2820,1650,1230,720,410,22540,710,910,1060,1240,1410,1590,1480,1280,1390,1650,1630,1800,1840,1600,1330,730,520,260,120,24160,730,830,1060,1060,1330,1540,1440,1420,1660,1840,1800,1930,1900,1750,1490,910,710,460,290
Frankel,34490,1460,2060,2060,1810,1820,2050,2000,2360,2950,3180,2510,2280,2110,1880,1610,840,750,470,290,16260,690,1020,970,880,950,1030,890,1010,1290,1550,1240,1090,1000,910,800,380,300,170,90,18230,770,1040,1090,940,860,1030,1110,1360,1650,1630,1270,1190,1110,970,810,460,450,300,200
Kaki Bukit,37150,1200,1250,1580,1930,2510,3140,2830,2280,2260,2460,2450,3240,3510,2740,1930,820,580,260,190,18210,600,610,840,1010,1330,1590,1430,1080,1060,1190,1210,1510,1700,1340,950,380,240,100,50,18940,600,640,740,920,1180,1550,1410,1200,1210,1270,1240,1730,1810,1400,980,450,340,160,130
Kembangan,37460,1410,1360,1480,1780,2020,2620,2790,2520,2290,2520,2620,2940,3240,2750,2140,1250,860,530,350,18460,740,700,750,910,1050,1340,1390,1200,1090,1280,1270,1450,1640,1400,1020,580,360,200,110,19010,670,660,740,870,970,1290,1400,1320,1200,1240,1350,1480,1600,1360,1130,670,500,330,240
Siglap,6440,160,250,260,310,360,400,360,320,430,520,450,460,500,430,480,310,250,140,70,2980,90,130,130,130,160,200,180,140,190,230,210,210,230,190,220,140,120,60,30,3460,80,120,130,180,200,200,190,180,240,290,240,250,270,240,260,160,130,80,40
Bishan - Total,87320,2790,3720,4300,4630,5240,6930,5730,5090,5750,6720,6290,6960,7130,5850,4390,2430,1760,1050,560,42260,1470,2030,2260,2430,2740,3580,2810,2290,2670,3160,2980,3170,3450,2830,2050,1080,750,360,160,45060,1320,1700,2040,2200,2510,3340,2920,2800,3090,3560,3320,3790,3680,3020,2340,1350,1020,690,400
Bishan East,28310,870,1130,1300,1380,1470,2280,2150,1730,1890,2160,1880,2110,2420,2090,1560,820,590,320,150,13420,460,610,660,730,740,1150,1070,800,860,1000,890,910,1130,980,700,370,250,100,40,14880,410,520,650,660,730,1140,1080,940,1030,1160,990,1200,1290,1120,860,450,340,220,120
Marymount,29620,1010,1340,1540,1680,2030,2630,1840,1770,1950,2240,2190,2530,2360,1790,1250,650,450,220,150,14680,540,780,880,930,1080,1410,890,790,920,1050,990,1170,1170,880,600,300,180,80,50,14940,470,560,670,760,960,1230,950,980,1020,1190,1200,1370,1190,910,640,350,270,150,100
Upper Thomson,29390,910,1260,1450,1560,1740,2010,1740,1590,1910,2330,2230,2310,2350,1960,1580,970,720,510,260,14160,480,640,720,780,920,1030,850,710,880,1120,1100,1080,1150,970,750,410,320,190,80,15230,440,620,730,790,820,980,890,880,1030,1210,1130,1230,1200,1000,830,550,410,320,180
Boon Lay - Total,40,-,-,-,-,-,-,-,-,-,-,-,-,-,-,-,-,-,-,-,-,-,-,-,-,-,-,-,-,-,-,-,-,-,-,-,-,-,-,-,-,-,-,-,-,-,-,-,-,-,-,-,-,-,-,-,-,-,-,-
Liu Fang,10,-,-,-,-,-,-,-,-,-,-,-,-,-,-,-,-,-,-,-,-,-,-,-,-,-,-,-,-,-,-,-,-,-,-,-,-,-,-,-,-,-,-,-,-,-,-,-,-,-,-,-,-,-,-,-,-,-,-,-
Samulun,10,-,-,-,-,-,-,-,-,-,-,-,-,-,-,-,-,-,-,-,-,-,-,-,-,-,-,-,-,-,-,-,-,-,-,-,-,-,-,-,-,-,-,-,-,-,-,-,-,-,-,-,-,-,-,-,-,-,-,-
Shipyard,-,-,-,-,-,-,-,-,-,-,-,-,-,-,-,-,-,-,-,-,-,-,-,-,-,-,-,-,-,-,-,-,-,-,-,-,-,-,-,-,-,-,-,-,-,-,-,-,-,-,-,-,-,-,-,-,-,-,-,-
Tukang,10,-,-,-,-,-,-,-,-,-,-,-,-,-,-,-,-,-,-,-,-,-,-,-,-,-,-,-,-,-,-,-,-,-,-,-,-,-,-,-,-,-,-,-,-,-,-,-,-,-,-,-,-,-,-,-,-,-,-,-
Bukit Batok - Total,158030,7920,6820,7690,8570,9800,12480,13630,10980,10660,11680,11900,12500,11750,9330,5800,2880,1940,1130,590,77480,4030,3480,3870,4350,4920,5960,6750,5190,5060,5620,5870,6230,5820,4690,2870,1340,860,420,170,80550,3890,3340,3820,4220,4890,6530,6870,5790,5600,6060,6030,6270,5930,4640,2930,1550,1090,710,410
Brickworks,19820,2710,1200,850,730,660,2280,3540,1670,1460,1280,990,790,640,430,270,140,90,70,20,9800,1410,610,410,390,280,860,1850,880,730,640,520,440,310,210,120,50,40,30,10,10020,1300,590,440,350,370,1420,1700,790,730,640,470,350,330,220,150,80,50,40,10
Bukit Batok Central,27290,1310,1230,1340,1490,1560,1900,2460,1950,1860,1940,1960,2020,2100,1750,1150,570,400,200,120,13290,670,640,690,750,780,890,1160,930,890,930,970,1000,1030,870,550,260,180,60,30,14000,640,590,640,740,780,1000,1300,1020,960,1010,990,1020,1080,880,600,320,220,140,90
Bukit Batok East,12690,340,340,540,600,810,960,880,810,800,970,930,1160,1220,1060,640,280,200,110,60,6290,170,190,280,330,450,500,460,380,370,490,460,550,570,540,300,120,90,40,20,6410,180,150,260,270,360,460,420,430,420,480,470,610,650,520,340,160,110,70,40
Bukit Batok South,14930,690,710,760,840,1110,1190,1240,1130,930,1010,1180,1310,1160,830,440,170,140,70,30,7360,360,370,380,420,560,590,590,560,440,490,550,610,590,450,220,80,60,20,10,7570,330,340,380,420,550,600,650,570,490,520,630,690,570,370,210,90,80,50,30
Bukit Batok West,15000,660,640,710,790,950,990,1180,1100,1010,1050,1100,1180,1220,1070,640,310,200,130,80,7300,330,330,370,400,470,500,560,530,470,510,540,600,580,520,330,140,80,50,20,7700,330,310,340,390,480,490,630,570,540,540,560,580,630,560,310,170,110,80,60
Gombak,9930,350,490,590,590,620,700,610,720,840,800,750,710,630,550,400,240,170,120,50,4840,160,240,320,310,310,390,290,320,420,370,370,350,300,270,200,100,80,50,10,5090,190,250,280,280,310,320,320,400,430,430,380,360,320,280,210,130,100,70,40
Guilin,12940,430,570,650,750,830,870,850,940,940,1100,1110,1100,920,750,470,270,200,120,70,6290,220,270,320,360,420,440,430,430,420,530,550,570,490,350,230,130,80,50,20,6650,210,300,330,390,400,430,420,520,520,580,560,530,430,400,250,140,120,80,50
Hillview,19300,560,720,1040,1350,1600,1490,1060,1010,1200,1640,1840,1860,1400,1080,680,360,220,130,70,9290,280,360,490,660,770,730,490,420,530,730,870,950,710,550,370,200,100,60,30,10000,270,360,550,690,830,760,570,590,670,900,970,910,690,530,320,160,120,80,40
Hong Kah North,26150,870,930,1210,1440,1680,2110,1800,1650,1630,1900,2040,2370,2460,1810,1100,540,340,180,90,13030,440,480,600,740,880,1060,920,760,790,940,1030,1160,1240,940,560,250,150,70,30,13120,430,450,610,700,800,1050,880,900,840,960,1010,1210,1220,880,540,290,190,110,60
Bukit Merah - Total,151250,5970,6470,6670,6130,6640,8890,10540,10650,11750,11830,10630,10670,11110,10220,9130,5620,4410,2400,1530,72730,3050,3300,3370,3150,3280,4300,4950,5060,5570,5790,5380,5470,5620,4800,4060,2400,1820,900,480,78520,2920,3180,3300,2980,3360,4590,5590,5590,6180,6040,5250,5210,5490,5430,5080,3220,2580,1500,1060
Alexandra Hill,13490,370,420,570,630,790,870,840,720,750,950,960,1070,1140,1070,950,540,410,280,170,6630,180,220,310,350,410,460,430,350,340,460,460,550,570,500,470,220,190,110,50,6860,190,200,260,280,390,420,410,360,410,490,500,520,570,560,480,320,220,160,120
Alexandra North,2620,160,200,160,110,100,130,240,320,330,300,180,130,100,70,40,30,20,10,-,1230,80,100,80,50,40,60,90,150,150,150,80,60,50,30,20,20,10,-,-,1400,90,100,80,50,50,70,150,180,180,150,100,70,50,40,20,10,10,10,-
Bukit Ho Swee,14390,460,570,560,500,620,820,930,980,960,1010,970,1120,1270,1110,930,630,490,270,190,7050,240,290,290,260,300,400,450,470,470,500,500,590,660,560,430,280,190,80,70,7340,230,280,270,240,310,420,480,520,490,510,470,540,610,550,500,350,300,190,120
Bukit Merah,1110,30,50,60,60,70,60,60,60,70,80,90,90,70,80,90,50,30,10,10,550,10,20,30,40,40,30,30,30,30,30,50,50,30,40,40,30,20,10,-,570,20,30,30,30,30,30,30,30,40,50,40,50,40,40,50,20,20,10,10
City Terminals,20,-,-,-,-,-,-,-,-,-,-,-,-,-,-,-,-,-,-,-,-,-,-,-,-,-,-,-,-,-,-,-,-,-,-,-,-,-,-,-,-,-,-,-,-,-,-,-,-,-,-,-,-,-,-,-,-,-,-,-
Depot Road,6540,350,400,380,280,280,310,470,570,670,620,440,370,340,330,320,190,120,60,40,3090,160,190,210,140,140,150,200,270,310,300,230,190,170,130,140,80,50,20,10,3450,190,210,180,140,140,160,270,300,350,320,210,180,170,200,180,110,70,40,30
Everton Park,7810,220,290,310,310,330,470,510,540,590,680,570,520,580,620,500,310,250,130,80,3680,120,150,150,160,160,230,230,270,270,330,280,250,270,280,220,130,100,50,30,4120,100,140,160,150,170,230,280,280,330,350,290,270,310,340,280,180,150,80,50
Henderson Hill,13320,440,450,490,530,660,860,930,780,780,890,1010,1050,1140,970,890,550,500,280,150,6490,220,240,240,270,340,420,440,390,380,410,520,550,590,470,410,250,200,100,40,6830,220,220,250,250,320,440,480,390,400,480,490,500,550,500,480,310,290,180,110
Kampong Tiong Bahru,9010,220,240,340,350,430,530,490,490,540,650,690,720,780,790,700,420,360,170,100,4440,110,120,170,190,210,270,250,240,250,310,380,380,410,400,320,180,160,70,30,4560,100,130,170,160,220,260,240,260,300,330,310,340,370,390,380,240,190,110,70
Maritime Square,3620,200,240,190,170,110,140,180,360,430,400,310,240,190,140,120,70,70,50,40,1770,100,110,90,70,50,70,80,130,210,210,170,140,100,70,60,40,30,20,10,1850,100,130,100,100,60,80,110,220,220,180,140,100,80,70,50,30,40,30,30
Redhill,10620,490,640,660,500,470,630,650,750,1080,900,790,730,620,510,440,270,230,120,140,5150,270,310,340,240,210,290,320,320,490,490,410,390,360,260,200,110,90,40,40,5470,230,330,320,260,260,340,340,430,590,420,380,340,260,260,240,160,140,80,100
Singapore General Hospital,10,-,-,-,-,-,-,-,-,-,-,-,-,-,-,-,-,-,-,-,-,-,-,-,-,-,-,-,-,-,-,-,-,-,-,-,-,-,-,-,-,-,-,-,-,-,-,-,-,-,-,-,-,-,-,-,-,-,-,-
Telok Blangah Drive,19320,1190,870,740,710,710,1090,2010,1680,1550,1390,1180,1230,1200,1150,1110,660,480,260,120,9170,630,430,370,340,370,510,910,850,770,660,580,620,570,500,470,270,190,110,30,10140,560,430,380,370,340,570,1100,830,770,730,610,610,630,660,640,390,290,160,90
Telok Blangah Rise,12150,350,390,430,510,580,740,660,680,840,920,850,860,1030,1120,970,580,360,180,100,5740,190,220,220,260,280,340,330,340,400,420,430,440,460,500,420,240,170,80,30,6420,160,170,210,260,300,400,330,350,440,500,420,430,570,620,550,330,190,110,70
Telok Blangah Way,9230,240,340,380,350,380,480,460,540,690,770,680,740,820,710,620,420,310,180,110,4610,120,170,190,190,200,250,240,260,330,380,380,400,450,360,280,180,130,70,50,4620,120,180,190,160,180,240,220,280,360,390,310,340,380,350,340,230,190,110,60
Tiong Bahru,12890,690,670,560,430,440,720,1080,1120,1250,1020,800,730,790,810,690,440,340,170,150,5990,350,350,270,230,220,320,460,540,590,520,380,340,380,340,280,180,130,60,40,6900,340,320,300,200,220,400,620,580,650,500,420,390,410,460,410,260,210,110,110
Tiong Bahru Station,15120,560,690,830,700,670,1050,1010,1060,1230,1250,1110,1070,1050,750,780,480,440,230,140,7140,280,370,420,360,300,510,490,470,580,620,530,520,540,350,320,200,180,80,40,7980,290,320,420,340,370,550,530,590,650,630,590,550,510,400,470,290,260,150,100
Bukit Panjang - Total,138270,6250,7090,7310,8150,9290,10530,10460,10100,9360,10490,10100,11250,10280,7370,4790,2400,1670,890,490,68150,3190,3660,3650,4160,4700,5350,5010,4930,4480,5020,4930,5470,5290,3720,2370,1100,700,320,130,70120,3060,3440,3660,3990,4590,5180,5440,5170,4880,5470,5180,5780,4990,3650,2420,1310,980,580,360
Bangkit,22270,680,730,930,1190,1520,1900,1560,1230,1340,1540,1730,2190,2020,1440,970,580,390,230,120,11010,350,370,490,590,760,980,830,630,650,750,830,1060,1030,710,460,250,170,80,40,11260,330,360,440,610,760,920,730,600,690,790,890,1130,990,730,520,330,220,150,80
Dairy Farm,6940,310,390,440,510,450,470,460,440,560,640,560,550,430,310,210,90,70,30,20,3350,150,200,210,250,220,250,200,200,250,290,280,270,210,160,110,40,30,10,10,3590,160,180,230,260,230,230,260,240,310,340,280,280,220,150,100,50,40,20,10
Fajar,27820,1530,1680,1580,1590,1720,2140,2350,2240,1970,1980,1850,2140,1820,1380,870,470,310,150,70,13870,820,850,790,840,930,1060,1110,1080,970,970,910,1060,940,710,430,210,120,50,20,13950,720,830,790,750,790,1080,1240,1160,1000,1010,940,1080,870,680,440,250,180,100,60
Jelebu,31310,930,1090,1410,1840,2440,2750,2190,1740,1840,2380,2600,2890,2660,1930,1230,620,460,220,110,15370,460,580,710,940,1210,1440,1100,840,840,1090,1240,1340,1380,980,630,290,200,80,20,15940,470,510,690,900,1230,1310,1100,900,990,1280,1360,1550,1290,950,610,330,260,140,80
Nature Reserve,3850,150,190,240,250,280,260,200,220,260,370,350,340,270,190,150,60,60,20,20,1810,60,100,110,130,140,110,90,90,110,160,180,170,130,90,80,20,20,10,-,2040,80,80,130,130,140,160,110,130,140,210,170,170,140,100,70,30,40,10,10
Saujana,25920,1520,1660,1460,1510,1740,1820,2130,2300,1840,1870,1710,1880,1840,1230,720,290,200,120,80,12830,770,860,730,780,870,930,970,1130,890,900,830,930,950,630,380,140,80,40,20,13090,750,800,730,740,870,900,1160,1170,950,970,870,950,900,600,340,150,120,80,60
Senja,20170,1130,1360,1260,1260,1150,1190,1570,1930,1570,1730,1320,1260,1240,890,640,290,190,120,70,9920,580,700,610,640,580,590,710,960,760,860,660,640,650,440,300,130,70,40,20,10260,550,670,650,620,570,600,860,970,810,870,670,620,590,460,340,160,120,80,60
Bukit Timah - Total,77860,3130,4900,4950,4850,4630,4570,4120,4800,5790,6730,6060,5310,4950,4220,3650,2160,1590,920,550,35980,1510,2100,2210,2260,2190,2180,1820,2110,2600,3150,2940,2510,2370,2010,1760,1010,690,400,180,41880,1630,2800,2740,2590,2440,2380,2290,2700,3190,3580,3120,2800,2580,2210,1890,1140,900,520,370
Anak Bukit,21870,700,1080,1190,1310,1430,1660,1310,1260,1370,1640,1600,1580,1730,1400,1080,650,470,270,150,10370,370,550,570,660,700,810,610,600,610,730,750,730,820,680,510,310,200,130,50,11500,330,530,620,650,730,850,700,660,750,910,860,850,910,720,570,340,280,150,100
Coronation Road,6690,300,500,490,440,380,330,330,440,540,610,480,400,360,330,280,220,150,80,50,3050,140,200,210,180,170,180,140,190,240,300,230,190,170,160,140,100,70,40,20,3650,150,300,280,260,210,160,190,250,310,310,250,210,180,170,150,120,80,50,40
Farrer Court,6180,300,490,440,370,280,290,350,470,530,630,490,380,290,240,260,140,110,70,40,2900,140,230,220,190,110,140,150,190,250,330,250,190,150,100,110,60,40,30,20,3280,150,260,230,190,170,160,200,270,280,310,240,190,140,140,150,80,70,40,30
Hillcrest,9470,440,780,610,600,560,420,410,650,760,850,740,640,560,390,400,260,210,130,70,4170,190,240,240,230,260,200,170,280,340,410,360,310,280,180,190,120,100,50,20,5300,250,540,370,370,300,220,240,370,420,440,380,330,280,210,210,130,110,80,50
Holland Road,10840,460,780,800,770,670,510,500,650,900,1080,920,700,560,500,410,260,200,100,70,4800,210,280,310,330,300,210,200,270,400,500,470,330,270,240,200,110,90,50,20,6040,250,500,490,440,370,300,300,380,490,580,450,360,290,260,210,150,110,60,50
Leedon Park,6440,300,320,400,370,360,360,350,400,500,570,580,440,390,350,360,180,110,60,50,2960,150,140,180,170,160,160,150,170,230,260,280,220,160,180,190,90,40,20,20,3480,150,180,220,210,190,200,200,230,270,310,300,220,230,180,180,90,70,40,30
Swiss Club,5340,240,320,340,330,300,330,280,360,400,430,420,350,320,300,210,150,120,80,60,2470,110,130,150,170,150,140,130,150,190,190,210,160,160,140,110,70,50,30,20,2880,130,200,190,170,150,190,160,220,210,230,210,190,160,150,100,80,70,40,40
Ulu Pandan,11020,400,630,680,650,640,660,570,580,800,930,820,830,740,710,660,310,230,130,60,5280,190,330,340,330,330,340,260,270,350,440,380,380,350,330,320,150,90,60,20,5740,210,300,340,320,310,320,310,310,450,490,440,440,390,380,330,150,130,70,50
Central Water Catchment - Total,-,-,-,-,-,-,-,-,-,-,-,-,-,-,-,-,-,-,-,-,-,-,-,-,-,-,-,-,-,-,-,-,-,-,-,-,-,-,-,-,-,-,-,-,-,-,-,-,-,-,-,-,-,-,-,-,-,-,-,-
Central Water Catchment,-,-,-,-,-,-,-,-,-,-,-,-,-,-,-,-,-,-,-,-,-,-,-,-,-,-,-,-,-,-,-,-,-,-,-,-,-,-,-,-,-,-,-,-,-,-,-,-,-,-,-,-,-,-,-,-,-,-,-,-
Changi- Total,1850,130,140,150,110,100,90,140,150,170,160,130,100,100,70,60,20,20,10,10,960,60,60,80,60,50,40,70,70,100,90,80,50,60,40,40,10,10,-,10,890,70,80,70,50,50,50,80,80,70,80,60,50,40,30,20,10,10,10,-
Changi Airport,10,-,-,-,-,-,-,-,-,-,-,-,-,-,-,-,-,-,-,-,-,-,-,-,-,-,-,-,-,-,-,-,-,-,-,-,-,-,-,-,-,-,-,-,-,-,-,-,-,-,-,-,-,-,-,-,-,-,-,-
Changi Point,540,10,10,20,20,40,30,20,20,30,50,60,60,60,50,30,20,10,-,10,300,10,10,10,10,20,20,10,10,20,30,30,30,40,30,20,10,10,-,-,240,-,-,10,20,20,10,10,10,10,20,30,30,20,20,10,10,10,-,-
Changi West,1300,120,130,130,80,60,70,120,130,140,120,80,40,40,20,20,10,-,10,-,660,50,60,70,50,30,20,60,60,80,60,50,10,20,10,10,-,-,-,-,650,70,70,60,30,30,40,70,60,60,50,20,20,20,10,10,10,-,-,-
Changi Bay - Total,-,-,-,-,-,-,-,-,-,-,-,-,-,-,-,-,-,-,-,-,-,-,-,-,-,-,-,-,-,-,-,-,-,-,-,-,-,-,-,-,-,-,-,-,-,-,-,-,-,-,-,-,-,-,-,-,-,-,-,-
Changi Bay,-,-,-,-,-,-,-,-,-,-,-,-,-,-,-,-,-,-,-,-,-,-,-,-,-,-,-,-,-,-,-,-,-,-,-,-,-,-,-,-,-,-,-,-,-,-,-,-,-,-,-,-,-,-,-,-,-,-,-,-
East Coast,-,-,-,-,-,-,-,-,-,-,-,-,-,-,-,-,-,-,-,-,-,-,-,-,-,-,-,-,-,-,-,-,-,-,-,-,-,-,-,-,-,-,-,-,-,-,-,-,-,-,-,-,-,-,-,-,-,-,-,-
Choa Chu Kang - Total,192070,8990,9280,10210,12090,15450,16610,14430,13200,12640,14130,16080,16140,12760,8590,5380,2680,1840,1040,540,95690,4590,4740,5290,6110,8010,8390,7210,6290,6050,6660,7770,8290,6710,4470,2640,1200,780,350,150,96380,4400,4540,4920,5980,7440,8220,7230,6910,6590,7470,8310,7850,6050,4120,2740,1480,1070,690,380
Choa Chu Kang Central,22530,820,1090,1330,1430,1790,1950,1360,1470,1650,1810,1970,1990,1490,1000,650,340,220,110,70,11180,440,570,640,750,890,1010,670,660,790,840,950,1010,810,520,300,160,100,40,20,11340,380,520,690,680,900,940,690,810,860,960,1030,980,680,470,350,180,120,70,50
Choa Chu Kang North,31930,850,1120,1640,2400,3510,3060,1660,1570,1640,2280,3400,3230,2270,1410,850,430,330,220,80,15860,440,570,840,1200,1810,1590,860,720,740,1040,1520,1730,1260,730,430,160,130,70,30,16070,410,550,800,1200,1700,1470,800,840,900,1240,1880,1500,1010,670,430,260,200,150,60
Keat Hong,38180,3540,2660,2060,2060,2310,3260,4690,3480,2650,2430,2430,2280,1730,1120,700,330,240,150,60,19010,1800,1360,1090,1040,1170,1490,2260,1710,1330,1210,1200,1200,920,600,350,150,100,40,10,19170,1740,1300,970,1020,1130,1770,2420,1770,1330,1220,1230,1080,810,530,360,180,140,110,50
Peng Siang,34720,1660,1750,1760,2040,2570,2980,2750,2650,2300,2430,2670,2880,2360,1730,1130,450,310,200,110,17340,840,880,950,1020,1330,1520,1330,1330,1120,1160,1310,1430,1210,880,560,230,130,70,40,17390,810,880,810,1010,1230,1460,1420,1320,1190,1270,1360,1450,1150,860,570,220,170,130,80
Teck Whye,24320,760,760,1010,1350,1910,2310,1600,1370,1260,1640,1910,2440,2070,1570,1040,620,400,200,110,12190,390,390,530,690,1020,1220,860,690,600,760,970,1190,1030,800,510,290,160,80,30,12140,380,380,480,670,880,1090,740,680,660,880,940,1250,1040,770,530,330,230,120,90
Yew Tee,40390,1360,1890,2400,2810,3370,3060,2390,2660,3140,3560,3700,3330,2840,1760,1010,510,350,160,100,20100,680,980,1240,1410,1780,1560,1230,1180,1480,1660,1830,1720,1490,940,510,210,150,50,30,20280,680,910,1170,1400,1590,1500,1160,1490,1660,1900,1870,1600,1350,820,510,300,200,110,60
Clementi - Total,91990,3760,4340,4650,4470,4650,5110,5920,6800,7260,7420,6520,6400,6080,6260,5660,2960,2130,1040,570,43630,1890,2160,2360,2240,2310,2540,2760,3140,3400,3560,3140,3180,2760,2710,2610,1360,960,400,170,48360,1860,2180,2290,2230,2340,2580,3160,3660,3850,3870,3380,3220,3320,3550,3060,1610,1180,640,400
Clementi Central,14000,480,610,700,660,710,880,830,910,1050,1170,970,990,990,1000,910,510,340,190,110,6600,250,280,360,350,360,460,390,420,500,560,460,500,450,400,390,240,140,70,30,7400,230,330,350,320,350,420,450,490,560,610,520,490,540,600,510,270,190,110,80
Clementi North,28810,1390,1220,1160,1130,1290,1540,2190,2350,2210,2160,1880,1980,1840,2040,1970,1030,820,390,230,13400,710,620,580,580,620,750,970,1150,1060,1000,880,960,800,830,880,470,360,140,70,15410,680,600,580,550,670,790,1220,1210,1150,1160,1000,1020,1040,1210,1090,570,460,250,160
Clementi West,15260,480,630,740,760,840,810,820,1010,1230,1270,1210,1150,1210,1170,960,470,310,140,70,7310,230,330,360,370,400,400,410,460,560,640,590,600,560,540,430,220,140,50,20,7950,250,300,380,390,430,410,410,550,670,640,610,550,640,630,520,250,170,90,50
Clementi Woods,16000,680,740,800,810,830,870,1060,1250,1190,1200,1110,1180,1060,1060,1000,530,380,170,90,7660,350,360,410,410,420,410,500,570,550,590,560,580,500,480,470,240,180,70,30,8340,330,380,380,410,410,460,560,690,640,610,550,600,560,580,530,290,210,110,60
Faber,5360,270,430,440,320,280,290,370,470,540,500,360,290,220,220,160,110,60,40,20,2620,130,230,230,160,140,150,160,200,260,250,180,150,100,110,90,40,30,20,10,2740,150,200,210,160,140,140,210,260,270,260,190,140,120,110,80,60,30,20,10
Pandan,20,-,-,-,-,-,-,-,-,-,-,-,-,-,-,-,-,-,-,-,-,-,-,-,-,-,-,-,-,-,-,-,-,-,-,-,-,-,-,-,-,-,-,-,-,-,-,-,-,-,-,-,-,-,-,-,-,-,-,-
Sunset Way,5650,170,230,270,310,320,360,330,320,370,400,440,420,430,470,380,200,150,70,30,2640,90,110,130,160,160,180,170,140,180,170,200,200,180,200,200,90,70,30,10,3010,80,120,140,160,150,190,160,180,190,230,240,220,250,270,180,110,80,40,20
Toh Tuck,20,-,-,-,-,-,-,-,-,-,-,-,-,-,-,-,-,-,-,-,-,-,-,-,-,-,-,-,-,-,-,-,-,-,-,-,-,-,-,-,-,-,-,-,-,-,-,-,-,-,-,-,-,-,-,-,-,-,-,-
West Coast,6870,290,480,550,470,390,370,320,480,660,720,550,400,340,310,290,130,90,40,20,3370,150,240,290,220,200,200,160,200,300,350,280,190,160,150,150,60,50,10,10,3500,150,240,250,250,190,170,160,280,360,360,270,200,170,160,140,70,40,30,20
Downtown Core - Total,3190,110,110,60,100,100,230,330,410,340,330,250,220,190,130,130,50,50,20,60,1590,50,60,30,40,50,90,160,200,160,170,130,130,120,70,70,20,20,10,50,1600,50,60,30,60,60,130,170,210,180,160,120,90,80,70,60,30,20,10,10
Anson,80,-,-,-,-,-,-,-,-,-,-,-,-,-,-,-,-,-,-,-,-,-,-,-,-,-,-,-,-,-,-,-,-,-,-,-,-,-,-,-,-,-,-,-,-,-,-,-,-,-,-,-,-,-,-,-,-,-,-,-
Bayfront Subzone,-,-,-,-,-,-,-,-,-,-,-,-,-,-,-,-,-,-,-,-,-,-,-,-,-,-,-,-,-,-,-,-,-,-,-,-,-,-,-,-,-,-,-,-,-,-,-,-,-,-,-,-,-,-,-,-,-,-,-,-
Bugis,890,20,30,10,30,40,60,60,90,70,70,70,60,60,70,70,30,30,10,20,440,10,20,10,10,20,20,30,50,30,40,30,30,40,30,30,10,20,-,10,450,10,10,10,20,20,30,30,40,40,40,40,30,20,40,30,20,20,10,10
Cecil,260,10,10,10,-,10,20,40,60,30,20,20,10,10,10,-,-,-,-,-,130,10,-,-,-,-,10,20,30,20,10,10,10,10,-,-,-,-,-,-,130,-,-,-,-,10,10,30,30,20,10,10,10,-,-,-,-,-,-,-
Central Subzone,880,40,40,30,40,20,70,90,110,110,130,70,60,40,30,20,10,-,-,-,410,20,20,10,10,10,20,40,50,50,70,40,40,20,10,10,-,-,-,-,470,20,30,20,20,10,40,50,70,50,60,30,20,20,10,10,-,-,-,-
City Hall,80,-,-,-,-,-,-,-,-,-,-,-,-,-,-,-,-,-,-,-,-,-,-,-,-,-,-,-,-,-,-,-,-,-,-,-,-,-,-,-,-,-,-,-,-,-,-,-,-,-,-,-,-,-,-,-,-,-,-,-
Clifford Pier,-,-,-,-,-,-,-,-,-,-,-,-,-,-,-,-,-,-,-,-,-,-,-,-,-,-,-,-,-,-,-,-,-,-,-,-,-,-,-,-,-,-,-,-,-,-,-,-,-,-,-,-,-,-,-,-,-,-,-,-
Marina Centre,10,-,-,-,-,-,-,-,-,-,-,-,-,-,-,-,-,-,-,-,-,-,-,-,-,-,-,-,-,-,-,-,-,-,-,-,-,-,-,-,-,-,-,-,-,-,-,-,-,-,-,-,-,-,-,-,-,-,-,-
Maxwell,-,-,-,-,-,-,-,-,-,-,-,-,-,-,-,-,-,-,-,-,-,-,-,-,-,-,-,-,-,-,-,-,-,-,-,-,-,-,-,-,-,-,-,-,-,-,-,-,-,-,-,-,-,-,-,-,-,-,-,-
Nicoll,290,10,10,10,10,10,30,20,20,30,20,30,30,30,10,20,-,-,-,-,150,-,-,-,10,10,10,10,10,10,20,10,10,20,10,10,-,-,-,-,140,10,-,-,10,10,10,10,10,20,10,10,10,10,10,10,-,-,-,-
Phillip,10,-,-,-,-,-,-,-,-,-,-,-,-,-,-,-,-,-,-,-,-,-,-,-,-,-,-,-,-,-,-,-,-,-,-,-,-,-,-,-,-,-,-,-,-,-,-,-,-,-,-,-,-,-,-,-,-,-,-,-
Raffles Place,40,-,-,-,-,-,-,-,-,-,-,-,-,-,-,-,-,-,-,-,-,-,-,-,-,-,-,-,-,-,-,-,-,-,-,-,-,-,-,-,-,-,-,-,-,-,-,-,-,-,-,-,-,-,-,-,-,-,-,-
Tanjong Pagar,670,20,20,10,10,20,50,100,100,80,70,40,50,30,20,20,10,10,-,30,350,20,10,-,-,10,20,50,50,40,30,20,30,30,10,10,-,-,-,30,320,10,10,10,10,10,30,50,50,40,40,20,20,10,10,10,-,-,-,-
Katong,9360,390,500,490,500,500,560,490,670,830,880,710,670,600,500,410,250,210,130,90,4440,190,260,240,240,260,270,210,280,390,430,370,320,300,240,180,110,80,40,20,4910,210,250,250,260,240,290,280,390,440,450,340,350,300,260,230,140,120,80,60
Geylang - Total,110110,3960,4270,4800,4840,5750,7930,8280,7810,7840,8190,7850,8600,8800,7300,5690,3240,2580,1500,890,54260,2050,2170,2510,2450,2930,3970,4080,3720,3750,4040,3990,4450,4500,3610,2690,1470,1060,530,310,55860,1910,2100,2290,2390,2820,3960,4200,4090,4090,4160,3860,4150,4300,3690,3010,1780,1510,970,580
Aljunied,39990,1250,1500,1730,1670,1920,2840,3000,2960,2980,3260,2860,3070,3120,2620,2080,1170,980,580,390,19740,660,760,890,860,970,1410,1460,1430,1400,1610,1500,1620,1610,1290,980,560,410,210,140,20250,590,740,840,810,950,1430,1540,1540,1590,1660,1360,1460,1510,1340,1100,610,570,370,250
Geylang East,29920,1100,1310,1440,1340,1560,2050,2000,2160,2350,2320,2050,2110,2230,1960,1750,900,680,410,210,14540,570,660,750,690,780,1020,1000,960,1120,1140,1000,1080,1090,950,820,420,290,150,70,15380,530,650,690,650,780,1030,1000,1210,1240,1190,1040,1030,1140,1010,930,490,390,250,140
Kallang Way,30,-,-,-,-,-,-,-,-,-,-,-,-,-,-,-,-,-,-,-,-,-,-,-,-,-,-,-,-,-,-,-,-,-,-,-,-,-,-,-,-,-,-,-,-,-,-,-,-,-,-,-,-,-,-,-,-,-,-,-
Kampong Ubi,11800,400,460,520,560,750,1040,1010,800,800,750,750,1010,1100,840,520,260,130,60,40,5890,210,250,270,290,400,510,530,400,400,350,370,480,550,430,260,130,60,20,10,5910,190,210,250,280,350,530,480,400,400,390,390,530,560,420,260,140,70,50,30
Macpherson,28360,1210,1000,1110,1270,1530,2010,2270,1880,1710,1860,2190,2410,2340,1870,1340,900,780,450,250,14070,610,500,600,610,790,1020,1100,940,840,940,1120,1270,1250,950,630,370,300,150,80,14300,600,500,510,660,740,980,1170,950,860,920,1070,1140,1090,920,720,540,480,290,160
Hougang - Total,227560,9110,9450,10320,11520,14160,17590,17190,15470,15090,16500,16610,19030,18620,14540,10130,5290,3790,2080,1080,111490,4680,4700,5140,5860,7300,8860,8390,7400,7090,8040,7930,9450,9350,7340,4950,2410,1590,740,290,116070,4440,4750,5180,5660,6860,8740,8800,8070,8000,8460,8690,9580,9270,7200,5190,2880,2200,1340,790
Defu Industrial Park,20,-,-,-,-,-,-,-,-,-,-,-,-,-,-,-,-,-,-,-,-,-,-,-,-,-,-,-,-,-,-,-,-,-,-,-,-,-,-,-,-,-,-,-,-,-,-,-,-,-,-,-,-,-,-,-,-,-,-,-
Hougang Central,4720,130,130,210,280,340,440,350,260,240,320,400,400,430,310,210,110,90,40,30,2350,70,50,110,130,190,250,190,130,110,140,190,190,220,170,100,60,30,20,10,2370,60,80,100,140,160,190,160,130,140,170,210,210,210,140,110,60,50,20,20
Hougang East,24920,1360,1230,1040,1090,1470,2110,2290,2160,1710,1640,1610,2070,1870,1370,920,480,280,150,80,12110,710,630,510,570,750,1080,1050,1050,830,810,710,980,940,680,430,230,120,40,20,12810,650,610,530,530,720,1030,1250,1100,880,830,900,1090,930,690,490,250,160,100,50
Hougang West,45460,1330,1420,1730,2000,2910,4030,3540,2750,2580,2960,3310,4430,4410,3390,2210,1090,730,430,220,22410,660,740,930,1060,1510,2080,1820,1310,1230,1480,1520,2150,2170,1680,1110,470,310,150,50,23050,680,690,810,940,1400,1940,1710,1430,1350,1480,1790,2280,2240,1710,1100,620,420,290,170
Kangkar,32290,1760,1740,1570,1600,1690,2040,2710,2800,2480,2520,2170,2290,2200,1810,1280,740,540,250,120,15740,920,860,770,800,890,1010,1250,1380,1180,1230,1060,1150,1090,880,600,320,230,90,30,16540,830,880,800,810,800,1030,1450,1420,1310,1290,1100,1130,1110,930,680,420,310,160,90
Kovan,24810,900,1110,1270,1420,1650,1890,1660,1560,1700,1960,1740,1940,1920,1510,1120,590,450,240,180,11960,440,560,640,740,840,950,790,690,770,940,820,950,910,780,560,270,180,90,60,12840,460,560,620,680,820,940,870,860,940,1020,920,1000,1010,730,560,320,270,160,120
Lorong Ah Soo,32320,950,1140,1390,1690,1910,2270,2180,2010,2180,2490,2410,2580,2700,2300,1810,980,750,410,180,15270,480,510,650,800,930,1100,1080,950,990,1200,1160,1270,1280,1090,840,440,300,150,50,17050,470,640,740,880,980,1170,1100,1060,1190,1290,1250,1310,1420,1210,970,550,440,260,130
Lorong Halus,-,-,-,-,-,-,-,-,-,-,-,-,-,-,-,-,-,-,-,-,-,-,-,-,-,-,-,-,-,-,-,-,-,-,-,-,-,-,-,-,-,-,-,-,-,-,-,-,-,-,-,-,-,-,-,-,-,-,-,-
Tai Seng,13830,430,560,690,750,970,990,830,740,850,950,1020,1180,1170,970,670,420,350,200,120,6670,210,270,330,370,510,500,390,330,390,440,460,600,590,500,330,200,160,80,30,7160,230,290,350,380,460,490,440,410,470,510,560,580,580,470,340,220,200,120,90
Trafalgar,49200,2260,2110,2420,2700,3220,3830,3640,3210,3340,3670,3950,4150,3930,2880,1910,880,600,350,150,24950,1190,1090,1210,1390,1700,1890,1820,1560,1600,1800,2000,2180,2160,1560,980,430,260,120,40,24240,1060,1020,1220,1310,1520,1950,1820,1650,1740,1870,1950,1980,1780,1320,930,460,340,220,120
Jurong East - Total,78600,2510,2900,3530,4160,4760,5700,5370,5090,5210,5860,5640,6220,6680,5950,4410,2050,1410,750,390,38930,1310,1470,1830,2180,2460,2970,2650,2420,2460,2840,2810,3070,3280,2960,2190,990,610,300,120,39670,1200,1430,1700,1990,2310,2730,2720,2660,2750,3020,2830,3140,3400,2980,2230,1060,800,450,270
International Business Park,10,-,-,-,-,-,-,-,-,-,-,-,-,-,-,-,-,-,-,-,-,-,-,-,-,-,-,-,-,-,-,-,-,-,-,-,-,-,-,-,-,-,-,-,-,-,-,-,-,-,-,-,-,-,-,-,-,-,-,-
Jurong Gateway,450,20,20,20,30,20,50,40,40,50,60,30,20,20,10,10,10,-,-,-,210,10,10,10,10,10,30,20,20,20,30,20,10,10,10,10,-,-,-,-,240,10,10,10,20,10,30,20,20,30,30,10,10,10,-,-,-,-,-,-
Jurong Port,-,-,-,-,-,-,-,-,-,-,-,-,-,-,-,-,-,-,-,-,-,-,-,-,-,-,-,-,-,-,-,-,-,-,-,-,-,-,-,-,-,-,-,-,-,-,-,-,-,-,-,-,-,-,-,-,-,-,-,-
Jurong River,10,-,-,-,-,-,-,-,-,-,-,-,-,-,-,-,-,-,-,-,-,-,-,-,-,-,-,-,-,-,-,-,-,-,-,-,-,-,-,-,-,-,-,-,-,-,-,-,-,-,-,-,-,-,-,-,-,-,-,-
Lakeside (Business),-,-,-,-,-,-,-,-,-,-,-,-,-,-,-,-,-,-,-,-,-,-,-,-,-,-,-,-,-,-,-,-,-,-,-,-,-,-,-,-,-,-,-,-,-,-,-,-,-,-,-,-,-,-,-,-,-,-,-,-
Lakeside (Leisure),1070,20,20,20,30,30,50,50,60,60,70,80,70,100,120,110,80,60,30,10,570,10,10,10,20,10,30,30,30,30,40,40,40,60,70,60,30,30,10,-,500,10,10,10,10,20,20,30,30,30,30,40,30,40,50,50,40,30,20,10
Penjuru Crescent,10,-,-,-,-,-,-,-,-,-,-,-,-,-,-,-,-,-,-,-,-,-,-,-,-,-,-,-,-,-,-,-,-,-,-,-,-,-,-,-,-,-,-,-,-,-,-,-,-,-,-,-,-,-,-,-,-,-,-,-
Teban Gardens,18530,760,840,890,930,1050,1150,1240,1350,1340,1340,1270,1360,1350,1410,1170,530,330,150,80,9250,390,430,460,500,550,610,590,660,640,680,650,720,640,660,560,280,150,60,30,9280,370,410,430,440,500,540,650,690,700,660,620,640,710,750,610,260,180,90,50
Toh Guan,14590,420,500,670,860,1000,1260,1080,920,890,1120,1070,1280,1400,1010,570,240,170,110,50,7230,230,260,350,450,520,650,530,450,410,510,520,610,690,530,300,120,60,40,10,7360,190,230,320,410,480,610,550,470,480,610,550,670,710,490,270,120,100,70,30
Yuhua East,24770,690,830,1040,1240,1420,1790,1650,1610,1690,1810,1750,1890,2170,1960,1560,720,510,280,150,12120,350,420,530,650,720,930,810,770,790,900,850,920,1060,970,740,340,230,110,50,12650,340,410,510,590,710,860,850,840,900,910,910,970,1120,990,820,390,280,180,100
Yuhua West,19160,600,690,900,1070,1240,1400,1310,1100,1200,1460,1440,1600,1640,1430,1010,480,340,170,100,9530,320,340,480,550,650,730,680,490,570,680,740,770,830,730,520,230,130,70,30,9630,280,350,420,520,590,680,630,620,630,790,700,820,810,700,490,250,210,100,70
Jurong West - Total,262730,10580,13000,14990,16110,17400,19300,18330,19890,20880,21220,20120,19360,17820,14550,9650,4560,2820,1420,730,131900,5430,6630,7610,8310,8840,9860,9010,9330,10240,10790,10370,10130,9050,7270,4910,2120,1260,540,210,130840,5150,6370,7380,7800,8560,9440,9330,10560,10640,10430,9760,9240,8770,7280,4740,2440,1560,880,520
Boon Lay Place,29340,1520,1630,1600,1670,1850,1960,2270,2470,2140,2240,2250,2120,1790,1500,1090,590,390,170,90,15060,800,870,830,860,960,970,1060,1230,1120,1140,1220,1190,990,720,550,280,180,80,30,14270,720,750,770,810,890,1000,1210,1240,1030,1100,1030,930,800,770,540,310,210,100,60
Chin Bee,-,-,-,-,-,-,-,-,-,-,-,-,-,-,-,-,-,-,-,-,-,-,-,-,-,-,-,-,-,-,-,-,-,-,-,-,-,-,-,-,-,-,-,-,-,-,-,-,-,-,-,-,-,-,-,-,-,-,-,-
Hong Kah,53890,1870,2180,2590,3060,3320,3730,3720,3710,3840,4190,3960,4010,4310,3900,2790,1330,800,400,180,26650,960,1120,1270,1560,1680,1880,1880,1710,1860,2100,2030,2040,2050,1900,1390,630,380,170,50,27230,910,1060,1310,1500,1640,1860,1840,2000,1980,2080,1930,1980,2260,1990,1410,700,420,230,130
Jurong West Central,63760,2530,3570,4190,4040,3750,4160,4690,5490,6140,5760,4590,4170,4040,3160,1880,770,490,240,120,31810,1280,1810,2150,2070,1870,2120,2290,2550,2920,2910,2420,2150,2000,1620,980,370,200,70,30,31950,1250,1770,2040,1970,1880,2040,2400,2940,3210,2850,2170,2030,2040,1540,900,400,290,160,80
Kian Teck,40,-,-,-,-,-,-,-,-,-,-,-,-,-,-,-,-,-,-,-,-,-,-,-,-,-,-,-,-,-,-,-,-,-,-,-,-,-,-,-,-,-,-,-,-,-,-,-,-,-,-,-,-,-,-,-,-,-,-,-
Safti,-,-,-,-,-,-,-,-,-,-,-,-,-,-,-,-,-,-,-,-,-,-,-,-,-,-,-,-,-,-,-,-,-,-,-,-,-,-,-,-,-,-,-,-,-,-,-,-,-,-,-,-,-,-,-,-,-,-,-,-
Taman Jurong,39920,2030,2180,2260,2430,2650,2860,2910,3120,3040,3160,3230,2840,2490,1970,1330,660,410,250,110,19920,1060,1100,1140,1250,1330,1380,1420,1450,1500,1550,1700,1490,1290,1010,660,280,160,100,40,20000,980,1080,1120,1180,1320,1480,1490,1670,1540,1600,1530,1350,1200,960,670,380,240,150,70
Wenya,8280,440,610,670,540,380,460,500,820,900,740,540,420,390,330,220,120,80,60,50,4170,220,300,350,280,210,230,230,360,450,430,310,230,190,180,110,50,40,20,10,4110,220,310,330,260,180,220,270,460,460,310,240,200,200,150,120,70,50,40,30
Yunnan,67500,2190,2830,3680,4370,5440,6130,4240,4280,4810,5130,5550,5790,4800,3690,2340,1080,650,310,190,34250,1120,1440,1870,2290,2790,3280,2130,2030,2390,2650,2680,3040,2520,1830,1230,520,300,110,50,33250,1070,1400,1810,2080,2650,2840,2110,2250,2420,2480,2860,2760,2280,1860,1110,570,350,200,140
Kallang - Total,101290,3930,4130,4100,4280,4560,5980,7180,7290,7830,8140,7320,7490,7750,6930,5760,3420,2760,1430,1000,50040,1980,2180,2080,2180,2290,2900,3480,3410,3860,4030,3820,3900,4100,3450,2760,1580,1190,530,320,51260,1960,1950,2020,2100,2280,3080,3700,3880,3970,4110,3500,3600,3650,3480,3000,1840,1560,910,680
Bendemeer,37570,1900,1760,1460,1370,1490,2310,3280,3240,3070,2740,2350,2380,2690,2500,1990,1220,940,500,370,18240,950,940,760,700,740,1130,1550,1550,1540,1330,1200,1200,1320,1180,930,540,420,180,90,19330,950,820,710,670,750,1190,1740,1690,1530,1410,1150,1180,1380,1320,1060,670,520,320,280
Boon Keng,11790,410,450,410,500,550,760,860,800,810,850,880,910,970,840,710,410,370,210,120,5630,180,220,200,230,280,360,450,370,380,410,440,470,480,400,330,180,140,60,40,6160,220,220,210,270,270,400,420,430,420,440,440,430,490,440,390,230,230,150,80
Crawford,8380,220,200,240,260,330,430,400,390,460,550,620,810,860,790,730,440,350,180,130,4630,100,100,120,140,160,220,210,190,250,310,360,490,580,460,400,230,180,70,60,3750,110,100,120,120,170,210,190,200,220,240,260,320,280,330,330,210,180,110,60
Geylang Bahru,11280,270,330,440,530,600,660,660,630,780,940,940,980,940,810,670,430,360,200,120,5620,140,160,220,280,330,340,340,300,380,460,500,520,500,390,310,180,150,70,40,5660,130,170,220,250,280,320,320,330,400,480,430,460,440,420,350,250,220,120,70
Kallang Bahru,20,-,-,-,-,-,-,-,-,-,-,-,-,-,-,-,-,-,-,-,-,-,-,-,-,-,-,-,-,-,-,-,-,-,-,-,-,-,-,-,-,-,-,-,-,-,-,-,-,-,-,-,-,-,-,-,-,-,-,-
Kampong Bugis,920,40,20,20,40,50,100,80,70,60,70,50,60,90,70,60,20,10,10,10,460,20,10,10,20,30,50,40,30,30,40,30,30,40,40,30,10,10,-,-,460,20,10,10,20,20,50,40,40,30,30,20,40,50,40,30,10,10,10,10
Kampong Java,10530,330,450,460,450,520,640,660,710,830,920,780,790,760,700,650,350,300,140,100,5140,180,270,270,260,260,310,310,310,400,440,390,390,400,330,280,160,120,50,30,5390,160,180,190,190,260,340,350,400,430,490,390,390,370,370,380,190,180,90,70
Lavender,9690,350,400,430,430,430,580,640,670,770,870,720,750,730,640,540,290,250,110,90,5070,190,210,210,230,230,270,330,320,380,470,400,390,440,370,290,140,120,60,40,4610,160,190,220,210,200,300,310,350,380,390,320,370,300,280,250,140,130,60,50
Tanjong Rhu,11110,410,530,630,700,590,500,600,790,1050,1200,990,820,690,580,420,270,180,80,70,5230,210,270,300,320,260,230,270,340,490,570,500,410,350,280,190,130,70,30,20,5880,200,270,340,380,340,270,330,450,570,630,490,410,340,300,220,140,100,50,50
Lim Chu Kang - Total,110,10,-,10,10,10,10,-,10,-,10,10,10,10,10,10,-,-,-,-,60,-,-,10,-,-,-,-,-,-,10,-,10,10,10,10,-,-,-,-,50,-,-,-,10,10,-,-,-,-,-,10,10,-,-,-,-,-,-,-
Lim Chu Kang,110,10,-,10,10,10,10,-,10,-,10,10,10,10,10,10,-,-,-,-,60,-,-,10,-,-,-,-,-,-,10,-,10,10,10,10,-,-,-,-,50,-,-,-,10,10,-,-,-,-,-,10,10,-,-,-,-,-,-,-
Mandai - Total,2090,60,90,120,130,170,170,120,130,140,190,160,180,150,90,80,40,30,20,10,990,30,40,60,70,80,80,50,70,70,90,70,90,70,50,40,20,20,10,-,1100,40,50,60,70,90,90,70,60,80,100,90,90,80,40,40,30,20,10,10
Mandai East,-,-,-,-,-,-,-,-,-,-,-,-,-,-,-,-,-,-,-,-,-,-,-,-,-,-,-,-,-,-,-,-,-,-,-,-,-,-,-,-,-,-,-,-,-,-,-,-,-,-,-,-,-,-,-,-,-,-,-,-
Mandai Estate,2090,60,90,120,130,170,170,120,130,140,190,160,180,150,90,80,40,30,20,10,990,30,40,60,70,80,80,50,70,70,90,70,90,70,50,40,20,20,10,-,1100,40,50,60,70,90,90,70,60,80,100,90,90,80,40,40,30,20,10,10
Mandai West,-,-,-,-,-,-,-,-,-,-,-,-,-,-,-,-,-,-,-,-,-,-,-,-,-,-,-,-,-,-,-,-,-,-,-,-,-,-,-,-,-,-,-,-,-,-,-,-,-,-,-,-,-,-,-,-,-,-,-,-
Marina East - Total,-,-,-,-,-,-,-,-,-,-,-,-,-,-,-,-,-,-,-,-,-,-,-,-,-,-,-,-,-,-,-,-,-,-,-,-,-,-,-,-,-,-,-,-,-,-,-,-,-,-,-,-,-,-,-,-,-,-,-,-
Marina East,-,-,-,-,-,-,-,-,-,-,-,-,-,-,-,-,-,-,-,-,-,-,-,-,-,-,-,-,-,-,-,-,-,-,-,-,-,-,-,-,-,-,-,-,-,-,-,-,-,-,-,-,-,-,-,-,-,-,-,-
Marina South - Total,-,-,-,-,-,-,-,-,-,-,-,-,-,-,-,-,-,-,-,-,-,-,-,-,-,-,-,-,-,-,-,-,-,-,-,-,-,-,-,-,-,-,-,-,-,-,-,-,-,-,-,-,-,-,-,-,-,-,-,-
Marina South,-,-,-,-,-,-,-,-,-,-,-,-,-,-,-,-,-,-,-,-,-,-,-,-,-,-,-,-,-,-,-,-,-,-,-,-,-,-,-,-,-,-,-,-,-,-,-,-,-,-,-,-,-,-,-,-,-,-,-,-
Marine Parade - Total,46220,1890,2420,2420,2360,2390,2500,2390,3070,3730,4150,3440,3270,3020,2560,2480,1550,1340,750,490,21700,910,1210,1230,1190,1180,1210,1080,1350,1680,1960,1710,1590,1500,1160,1090,680,550,290,160,24520,990,1210,1200,1180,1210,1290,1300,1730,2050,2190,1730,1690,1520,1400,1390,870,790,470,330
Marina East (Mp),-,-,-,-,-,-,-,-,-,-,-,-,-,-,-,-,-,-,-,-,-,-,-,-,-,-,-,-,-,-,-,-,-,-,-,-,-,-,-,-,-,-,-,-,-,-,-,-,-,-,-,-,-,-,-,-,-,-,-,-
Marine Parade,26880,1060,1420,1390,1300,1320,1330,1320,1730,2100,2360,2010,1870,1770,1520,1550,1050,960,500,320,12530,510,710,730,670,650,650,610,770,930,1100,970,900,890,660,650,450,390,190,110,14350,540,710,660,630,670,680,710,960,1160,1260,1040,970,880,860,900,610,570,310,210
Mountbatten,9980,450,490,540,560,570,610,580,680,800,910,720,740,650,540,520,250,170,120,90,4720,210,240,260,280,270,290,270,290,360,420,360,370,320,260,260,120,80,50,30,5260,240,250,290,280,300,320,310,380,450,490,360,370,330,280,260,130,100,70,60
Museum - Total,510,20,30,10,20,20,30,50,70,60,60,40,40,20,20,20,10,-,-,10,260,10,10,10,10,10,10,30,30,30,30,20,20,10,10,10,-,-,-,-,250,10,20,10,10,10,10,30,40,30,30,20,20,10,10,10,10,-,-,-
Bras Basah,10,-,-,-,-,-,-,-,-,-,-,-,-,-,-,-,-,-,-,-,-,-,-,-,-,-,-,-,-,-,-,-,-,-,-,-,-,-,-,-,-,-,-,-,-,-,-,-,-,-,-,-,-,-,-,-,-,-,-,-
Dhoby Ghaut,320,10,20,-,10,10,20,50,60,50,30,20,20,10,10,10,-,-,-,-,160,-,10,-,-,10,10,20,30,30,20,10,10,-,10,-,-,-,-,-,160,10,10,-,10,-,10,20,30,20,10,10,10,10,-,10,-,-,-,-
Fort Canning,190,10,10,10,10,10,10,10,10,20,30,20,20,10,10,10,-,-,-,-,90,-,10,-,-,-,-,-,10,10,20,10,10,10,-,10,-,-,-,-,90,10,-,10,-,-,10,-,10,10,10,10,10,10,-,-,-,-,-,-
Newton - Total,8260,380,590,520,380,340,390,470,620,770,850,690,600,470,400,370,160,120,90,60,3950,190,330,260,180,170,160,180,260,330,410,350,310,230,200,190,80,50,40,30,4310,190,260,260,190,170,230,290,360,440,440,340,290,240,200,180,80,70,50,30
Cairnhill,3880,180,260,240,170,170,190,240,320,360,390,320,270,230,190,170,70,60,40,30,1830,80,150,120,80,90,70,90,140,150,190,160,140,110,90,90,30,30,20,10,2060,90,110,120,90,80,120,150,180,210,210,170,130,110,90,80,40,30,20,20
Goodwood Park,1260,70,140,90,60,40,60,80,100,130,130,80,90,60,50,40,20,20,10,10,600,40,70,50,30,20,20,30,40,50,70,50,50,30,30,20,10,10,-,-,660,40,70,40,30,20,40,40,60,80,70,40,40,30,20,20,10,10,10,10
Istana Negara,60,-,-,-,-,-,-,-,-,-,-,-,-,-,-,-,-,-,-,-,-,-,-,-,-,-,-,-,-,-,-,-,-,-,-,-,-,-,-,-,-,-,-,-,-,-,-,-,-,-,-,-,-,-,-,-,-,-,-,-
Monk's Hill,1030,60,80,60,50,50,50,50,80,100,110,80,80,50,40,40,30,20,10,10,520,30,50,40,30,20,30,20,30,50,50,50,30,20,20,20,10,10,-,10,510,20,30,20,20,30,20,30,50,60,60,30,40,20,20,20,10,10,10,10
Newton Circus,250,10,20,20,10,10,10,10,20,30,30,30,20,10,10,10,-,-,-,-,140,10,20,10,10,10,-,10,10,10,10,20,10,-,-,-,-,-,-,-,110,-,10,10,-,-,10,10,10,20,10,10,10,-,10,10,-,-,-,-
Orange Grove,1790,70,90,110,80,70,80,90,100,150,180,170,150,130,120,100,40,30,20,10,840,30,40,40,40,30,40,30,40,60,100,80,80,60,60,60,30,20,10,-,950,30,50,70,50,40,40,50,60,90,90,90,70,70,50,50,20,20,10,-
North-Eastern Islands - Total,50,-,-,-,-,-,-,-,-,-,-,-,-,-,-,-,-,-,-,-,-,-,-,-,-,-,-,-,-,-,-,-,-,-,-,-,-,-,-,-,-,-,-,-,-,-,-,-,-,-,-,-,-,-,-,-,-,-,-,-
North-Eastern Islands,50,-,-,-,-,-,-,-,-,-,-,-,-,-,-,-,-,-,-,-,-,-,-,-,-,-,-,-,-,-,-,-,-,-,-,-,-,-,-,-,-,-,-,-,-,-,-,-,-,-,-,-,-,-,-,-,-,-,-,-
Novena - Total,49330,2170,2890,2620,2270,2400,2800,3270,3670,4170,4330,3610,3400,3070,2710,2280,1410,1140,710,430,23930,1140,1690,1370,1200,1220,1320,1510,1610,1940,2140,1800,1690,1490,1280,1040,640,470,260,140,25400,1030,1200,1240,1080,1180,1480,1750,2060,2230,2200,1810,1710,1580,1420,1240,770,670,440,290
Balestier,32430,1320,1430,1460,1390,1620,2000,2420,2410,2510,2730,2390,2320,2240,1900,1640,1010,850,500,300,15670,700,780,770,760,820,980,1150,1090,1170,1350,1190,1160,1080,910,730,450,340,180,90,16760,620,660,680,630,800,1020,1270,1320,1340,1380,1210,1160,1160,990,920,560,510,320,200
Dunearn,3960,140,210,280,260,260,220,170,190,260,330,330,310,250,220,190,140,100,70,40,1800,60,70,120,120,120,100,80,80,120,150,170,140,130,100,90,70,50,30,20,2150,80,140,160,140,140,120,90,100,140,180,170,160,120,120,100,70,50,50,30
Malcolm,2950,150,220,210,180,140,140,130,170,250,270,200,220,170,160,140,90,60,50,40,1380,80,110,100,90,80,70,50,70,110,130,100,100,90,80,70,40,20,20,10,1570,70,120,110,90,60,70,80,100,140,140,100,110,80,80,70,50,40,30,30
Moulmein,9300,530,1000,630,400,340,390,510,860,1130,960,630,500,370,370,270,160,120,80,40,4720,290,720,360,220,190,150,220,350,530,480,330,260,170,170,130,70,50,40,20,4580,240,280,270,180,160,240,300,520,600,480,310,240,200,200,140,90,70,50,30
Mount Pleasant,690,30,30,40,40,50,50,40,40,20,40,50,70,50,50,40,20,10,10,10,350,20,10,20,20,30,30,20,20,10,20,20,30,20,30,20,10,10,10,10,340,10,10,20,30,20,20,20,20,10,20,30,30,30,20,20,10,10,10,-
Orchard - Total,920,50,50,60,40,30,30,60,70,90,100,70,50,70,60,50,20,20,-,-,430,20,20,20,20,10,10,30,30,40,50,30,30,40,20,30,10,10,-,-,490,30,20,40,30,20,30,40,40,40,40,40,30,30,30,20,10,10,-,-
Boulevard,410,20,20,20,10,10,20,30,30,30,40,20,20,40,40,20,10,10,-,-,210,10,10,10,-,-,-,20,10,20,20,10,10,20,20,20,10,10,-,-,200,10,10,10,10,10,10,10,20,10,20,10,10,20,20,10,-,10,-,-
Somerset,140,10,10,-,-,10,10,10,10,10,10,20,-,10,-,10,-,-,-,-,60,-,-,-,-,-,-,-,10,10,10,10,-,10,-,10,-,-,-,-,80,-,-,-,-,10,-,10,10,-,10,10,-,-,-,-,-,-,-,-
Tanglin,370,20,20,30,20,10,10,20,30,40,40,30,30,20,20,20,10,10,-,-,170,10,10,10,10,-,-,10,10,20,30,20,10,10,10,10,-,-,-,-,210,10,10,20,10,10,10,10,10,30,20,10,10,10,10,10,-,-,-,-
Outram - Total,18340,650,800,750,530,680,900,1070,1270,1500,1430,1230,1400,1460,1360,1250,710,660,340,360,9210,350,390,360,270,340,440,530,590,710,760,640,800,810,730,630,330,290,130,120,9130,300,410,380,270,340,460,540,680,790,670,600,600,650,630,620,380,370,210,250
China Square,1430,30,30,30,30,50,70,80,110,90,120,90,130,130,160,130,60,60,30,20,670,10,20,10,20,30,30,50,40,40,60,40,70,50,80,60,20,20,10,-,760,20,10,10,10,20,30,30,60,50,60,50,60,90,80,70,40,40,20,20
Chinatown,10490,450,580,520,310,370,550,690,860,1140,880,690,690,660,580,550,320,290,160,190,5040,250,270,250,150,180,260,330,390,540,460,350,390,330,280,240,140,130,60,50,5450,200,300,270,160,190,290,370,480,610,420,340,300,330,300,310,170,170,100,130
Pearl's Hill,6120,170,190,190,180,250,250,260,270,250,400,440,570,650,600,550,330,300,140,160,3370,90,90,100,90,130,130,130,150,130,230,240,340,420,360,330,170,140,50,60,2750,80,100,100,90,120,120,120,130,130,170,200,220,230,240,220,160,160,90,100
People's Park,290,-,-,-,10,10,40,40,30,20,30,10,20,20,30,20,10,10,10,-,140,-,-,-,-,-,10,20,20,10,20,10,-,10,20,-,-,-,-,-,160,-,-,-,10,10,20,20,10,10,10,10,10,10,10,10,10,10,-,-
Pasir Ris - Total,147110,5690,6550,7700,9360,12450,13400,9040,8890,9790,10850,13010,13830,10200,6750,4330,2230,1620,920,520,72540,2890,3360,3960,4820,6420,6890,4430,4180,4580,5190,5800,7090,5260,3530,2100,960,620,320,140,74570,2800,3180,3740,4540,6030,6500,4610,4710,5210,5660,7210,6740,4940,3220,2230,1270,1000,600,380
Kent Ridge,80,-,-,-,-,-,-,-,-,-,-,-,-,-,-,-,-,-,-,-,-,-,-,-,-,-,-,-,-,-,-,-,-,-,-,-,-,-,-,-,-,-,-,-,-,-,-,-,-,-,-,-,-,-,-,-,-,-,-,-
Flora Drive,14680,530,690,850,940,1000,1030,860,910,1260,1360,1260,1200,980,670,480,260,210,110,80,7200,260,360,460,480,480,550,430,380,590,650,590,610,500,370,250,110,90,40,20,7470,280,330,390,460,520,480,430,530,660,700,680,590,490,300,240,150,120,70,60
Loyang East,2140,60,60,100,150,160,190,110,100,130,170,170,190,200,150,100,50,30,20,10,1060,30,40,50,70,70,100,60,60,60,70,80,80,100,100,60,20,20,10,-,1080,30,30,50,80,90,90,50,50,70,100,90,110,100,60,40,30,10,10,10
Loyang West,220,-,-,-,-,-,-,-,-,-,-,-,10,10,20,20,30,50,40,30,100,-,-,-,-,-,-,-,-,-,-,-,-,10,10,10,10,20,20,10,120,-,-,-,-,-,-,-,-,-,-,-,-,-,10,10,20,30,20,20
Pasir Ris Central,32240,1640,1730,1670,1860,2450,2680,2390,2510,2270,2280,2590,2890,2100,1340,830,450,310,180,90,15750,840,860,850,990,1280,1320,1080,1240,1080,1090,1150,1440,1050,690,390,200,130,60,30,16490,800,870,820,870,1160,1350,1310,1270,1190,1190,1450,1450,1050,660,440,250,190,120,60
Pasir Ris Drive,54420,1730,1990,2570,3380,4960,5870,3260,2650,2880,3460,4750,5660,4380,2930,1880,900,640,360,190,26940,880,1020,1330,1760,2550,3040,1720,1280,1350,1660,2040,2890,2230,1510,910,380,220,120,60,27480,860,970,1240,1620,2410,2830,1550,1370,1530,1800,2710,2770,2150,1420,970,520,420,240,130
Pasir Ris Park,7620,460,580,540,500,460,360,530,730,910,790,640,470,250,180,120,60,30,20,10,3760,240,290,270,250,250,180,210,320,450,400,320,260,140,90,50,30,10,10,-,3860,230,280,280,260,210,170,320,400,460,390,330,210,110,90,70,30,20,10,10
Pasir Ris Wafer Fab Park,10,-,-,-,-,-,-,-,-,-,-,-,-,-,-,-,-,-,-,-,-,-,-,-,-,-,-,-,-,-,-,-,-,-,-,-,-,-,-,-,-,-,-,-,-,-,-,-,-,-,-,-,-,-,-,-,-,-,-,-
Pasir Ris West,35790,1260,1500,1960,2530,3420,3280,1880,2000,2350,2800,3590,3430,2280,1460,900,500,350,200,110,17720,650,790,1000,1280,1790,1690,940,910,1050,1310,1620,1810,1240,760,430,210,130,70,30,18070,610,710,960,1250,1640,1580,940,1090,1310,1480,1970,1620,1040,690,470,290,210,140,80
Paya Lebar - Total,40,-,-,-,-,-,-,-,-,-,-,-,-,-,-,-,-,-,-,-,-,-,-,-,-,-,-,-,-,-,-,-,-,-,-,-,-,-,-,-,-,-,-,-,-,-,-,-,-,-,-,-,-,-,-,-,-,-,-,-
Airport Road,-,-,-,-,-,-,-,-,-,-,-,-,-,-,-,-,-,-,-,-,-,-,-,-,-,-,-,-,-,-,-,-,-,-,-,-,-,-,-,-,-,-,-,-,-,-,-,-,-,-,-,-,-,-,-,-,-,-,-,-
Paya Lebar East,10,-,-,-,-,-,-,-,-,-,-,-,-,-,-,-,-,-,-,-,-,-,-,-,-,-,-,-,-,-,-,-,-,-,-,-,-,-,-,-,-,-,-,-,-,-,-,-,-,-,-,-,-,-,-,-,-,-,-,-
Paya Lebar North,30,-,-,-,-,-,-,-,-,-,-,-,-,-,-,-,-,-,-,-,-,-,-,-,-,-,-,-,-,-,-,-,-,-,-,-,-,-,-,-,-,-,-,-,-,-,-,-,-,-,-,-,-,-,-,-,-,-,-,-
Paya Lebar West,-,-,-,-,-,-,-,-,-,-,-,-,-,-,-,-,-,-,-,-,-,-,-,-,-,-,-,-,-,-,-,-,-,-,-,-,-,-,-,-,-,-,-,-,-,-,-,-,-,-,-,-,-,-,-,-,-,-,-,-
Plab,-,-,-,-,-,-,-,-,-,-,-,-,-,-,-,-,-,-,-,-,-,-,-,-,-,-,-,-,-,-,-,-,-,-,-,-,-,-,-,-,-,-,-,-,-,-,-,-,-,-,-,-,-,-,-,-,-,-,-,-
Pioneer - Total,80,-,-,-,-,-,-,-,-,-,-,-,-,-,-,-,-,-,-,-,-,-,-,-,-,-,-,-,-,-,-,-,-,-,-,-,-,-,-,-,-,-,-,-,-,-,-,-,-,-,-,-,-,-,-,-,-,-,-,-
Benoi Sector,10,-,-,-,-,-,-,-,-,-,-,-,-,-,-,-,-,-,-,-,-,-,-,-,-,-,-,-,-,-,-,-,-,-,-,-,-,-,-,-,-,-,-,-,-,-,-,-,-,-,-,-,-,-,-,-,-,-,-,-
Gul Basin,10,-,-,-,-,-,-,-,-,-,-,-,-,-,-,-,-,-,-,-,-,-,-,-,-,-,-,-,-,-,-,-,-,-,-,-,-,-,-,-,-,-,-,-,-,-,-,-,-,-,-,-,-,-,-,-,-,-,-,-
Gul Circle,20,-,-,-,-,-,-,-,-,-,-,-,-,-,-,-,-,-,-,-,-,-,-,-,-,-,-,-,-,-,-,-,-,-,-,-,-,-,-,-,-,-,-,-,-,-,-,-,-,-,-,-,-,-,-,-,-,-,-,-
Joo Koon,30,-,-,-,-,-,-,-,-,-,-,-,-,-,-,-,-,-,-,-,-,-,-,-,-,-,-,-,-,-,-,-,-,-,-,-,-,-,-,-,-,-,-,-,-,-,-,-,-,-,-,-,-,-,-,-,-,-,-,-
Pioneer Sector,-,-,-,-,-,-,-,-,-,-,-,-,-,-,-,-,-,-,-,-,-,-,-,-,-,-,-,-,-,-,-,-,-,-,-,-,-,-,-,-,-,-,-,-,-,-,-,-,-,-,-,-,-,-,-,-,-,-,-,-
Punggol - Total,174450,16160,15330,11410,8570,6820,8330,17200,22190,17420,14040,9290,7890,6440,5370,3990,1900,1190,620,330,85940,8190,7990,5900,4380,3520,3690,7400,10600,8890,7380,4840,4120,3030,2490,1840,850,510,240,80,88520,7960,7340,5510,4190,3300,4640,9800,11590,8520,6660,4460,3770,3410,2880,2150,1050,680,380,250
Coney Island,-,-,-,-,-,-,-,-,-,-,-,-,-,-,-,-,-,-,-,-,-,-,-,-,-,-,-,-,-,-,-,-,-,-,-,-,-,-,-,-,-,-,-,-,-,-,-,-,-,-,-,-,-,-,-,-,-,-,-,-
Matilda,52200,5430,4850,3150,2210,1860,2640,5470,7490,5120,3820,2550,2140,1730,1550,1120,540,320,150,80,25610,2740,2540,1600,1130,940,1130,2320,3580,2730,2000,1360,1120,790,700,500,240,150,60,10,26590,2690,2310,1550,1080,920,1520,3150,3910,2390,1820,1190,1020,950,850,620,300,180,90,70
Northshore,460,20,20,20,30,40,40,40,10,30,40,40,30,40,20,20,10,10,10,-,230,10,10,10,10,20,20,20,10,20,20,20,20,20,10,10,-,-,-,-,220,20,10,10,10,20,20,20,10,10,20,20,20,10,10,10,-,-,-,-
Punggol Canal,-,-,-,-,-,-,-,-,-,-,-,-,-,-,-,-,-,-,-,-,-,-,-,-,-,-,-,-,-,-,-,-,-,-,-,-,-,-,-,-,-,-,-,-,-,-,-,-,-,-,-,-,-,-,-,-,-,-,-,-
Punggol Field,48960,2420,3360,3940,3390,2650,2470,2760,4020,5100,5150,3390,2930,2510,1920,1430,680,470,240,140,24120,1240,1730,2040,1710,1370,1210,1300,1770,2390,2620,1750,1510,1240,930,680,290,200,100,40,24840,1180,1630,1900,1680,1280,1250,1470,2250,2710,2530,1640,1420,1270,990,750,390,270,140,110
Punggol Town Centre,22260,2820,2180,1140,810,640,1010,3030,3430,2130,1440,980,790,620,500,380,170,130,70,30,10920,1450,1170,570,410,330,380,1260,1710,1120,780,480,430,280,230,170,80,50,20,10,11340,1370,1010,570,400,310,630,1770,1720,1000,660,500,360,340,270,210,90,80,40,20
Waterway East,50580,5470,4930,3160,2140,1640,2160,5910,7240,5040,3590,2340,2000,1540,1390,1040,500,270,160,70,25050,2760,2550,1670,1130,880,950,2510,3540,2630,1950,1230,1050,700,620,470,240,110,60,20,25530,2710,2380,1490,1020,760,1220,3400,3700,2410,1640,1110,940,840,760,570,270,160,100,60
Queenstown - Total,95930,3980,4280,4190,4120,4620,5910,6640,7180,7300,7430,6850,6850,6260,5720,5420,3480,3000,1760,930,45120,2070,2230,2140,2080,2210,2910,3050,3380,3380,3630,3280,3410,2920,2600,2280,1390,1200,660,300,50820,1910,2060,2050,2040,2410,3010,3590,3800,3920,3800,3570,3440,3330,3120,3140,2090,1800,1100,640
Commonwealth,7000,140,200,260,280,300,400,420,420,460,570,570,610,570,460,440,320,300,200,100,3230,60,100,140,140,140,210,210,190,210,270,280,320,280,220,160,110,110,70,40,3770,80,100,120,140,150,190,210,230,260,310,290,290,280,240,280,220,200,130,60
Dover,11080,350,540,650,630,650,670,550,690,890,950,910,820,700,610,620,370,310,130,60,5260,200,280,340,310,310,350,260,310,420,430,440,410,320,270,260,160,140,50,20,5820,160,270,310,320,340,320,300,380,470,520,470,410,380,330,360,210,170,90,50
Ghim Moh,13850,850,660,560,500,590,790,1310,1110,910,890,800,860,820,800,910,590,470,290,130,6470,470,340,270,250,300,350,580,580,420,440,380,430,350,340,370,240,200,120,40,7380,380,320,290,250,290,440,730,530,490,450,420,430,470,460,550,350,280,170,90
Holland Drive,12680,350,350,360,470,540,800,830,730,910,1070,970,950,850,860,910,670,570,300,180,5760,180,200,180,250,250,410,390,330,410,520,450,430,390,350,370,250,220,130,70,6920,180,160,190,220,290,390,440,390,500,550,520,520,470,510,540,420,350,170,110
Margaret Drive,16090,1120,1200,800,570,590,860,1260,1990,1570,1130,890,850,790,740,690,380,330,210,130,7710,560,650,420,300,300,410,540,940,770,590,430,430,380,310,300,170,140,60,30,8380,560,550,380,270,290,450,720,1060,800,540,470,420,410,430,390,210,200,140,100
Mei Chin,15570,460,540,700,800,920,1120,960,870,980,1190,1250,1300,1220,1030,780,510,480,300,170,7350,250,270,360,400,470,540,450,390,430,580,580,640,600,520,360,190,190,110,50,8210,210,270,350,400,450,580,510,480,550,610,670,660,620,510,430,320,290,190,120
National University Of S'pore,240,-,10,10,10,120,30,20,10,10,20,10,10,-,-,-,-,-,-,-,70,-,-,-,-,10,10,10,-,-,10,-,10,-,-,-,-,-,-,-,170,-,-,-,10,110,20,10,-,10,10,-,10,-,-,-,-,-,-,-
One North,720,40,60,50,30,20,30,40,100,80,100,80,40,20,20,10,-,-,-,-,350,20,30,20,10,10,10,20,50,40,50,50,30,10,10,10,-,-,-,-,370,20,30,30,20,20,20,30,50,40,50,30,10,10,10,10,-,-,-,-
Pasir Panjang 1,4510,160,190,240,260,270,350,310,340,410,410,350,340,280,240,180,80,60,40,10,2200,80,100,120,130,130,180,160,160,190,200,160,180,140,120,100,40,30,20,-,2300,80,90,120,140,150,170,150,180,220,200,190,160,150,120,90,40,30,20,10
Pasir Panjang 2,3060,90,130,140,160,200,250,180,180,210,210,240,250,230,280,160,70,50,10,20,1490,50,60,60,80,90,130,90,90,100,100,120,120,100,150,90,40,20,10,10,1570,40,70,80,80,110,120,90,90,110,110,120,130,130,130,80,30,30,10,10
Port,120,-,-,10,-,10,10,10,10,10,-,10,10,10,10,10,-,-,-,-,60,-,-,-,-,-,10,-,10,10,-,-,10,10,-,10,-,-,-,-,60,-,-,-,-,-,-,10,-,-,-,-,10,10,10,10,-,-,-,-
Queensway,270,10,-,10,10,20,20,20,20,20,30,30,20,20,20,20,10,-,-,-,130,-,-,10,10,10,10,-,10,10,10,10,20,10,10,10,10,-,-,-,140,-,-,10,-,10,10,10,10,10,20,10,10,10,10,10,10,-,-,-
Singapore Polytechnic,100,-,-,-,-,-,-,-,-,-,-,-,-,-,-,-,-,-,-,-,-,-,-,-,-,-,-,-,-,-,-,-,-,-,-,-,-,-,-,-,-,-,-,-,-,-,-,-,-,-,-,-,-,-,-,-,-,-,-,-
Tanglin Halt,10590,400,390,400,400,390,580,730,720,850,850,750,770,740,660,680,470,420,270,140,4960,190,200,220,210,200,290,350,340,390,430,380,390,340,290,260,180,160,100,40,5630,210,190,180,190,200,290,370,380,460,420,370,380,400,370,410,290,260,170,100
River Valley - Total,10070,450,610,560,530,410,530,600,850,1040,1080,880,650,570,450,400,220,140,60,60,4620,220,270,240,210,180,220,250,350,480,520,450,340,280,230,200,100,50,30,20,5450,240,340,310,310,240,310,350,510,560,560,430,320,290,210,200,120,90,30,40
Institution Hill,3150,200,270,190,140,120,130,180,350,420,350,220,140,120,130,110,40,30,10,10,1500,100,130,90,70,50,60,80,140,190,190,110,80,50,70,50,20,10,10,-,1650,100,140,100,70,70,70,100,200,230,160,110,60,70,70,60,20,20,-,-
Leonie Hill,3120,120,160,180,180,130,180,190,240,300,390,300,220,190,130,110,50,30,20,10,1430,60,70,70,70,50,70,90,90,130,180,160,110,100,70,60,20,10,10,-,1690,60,90,110,110,80,100,100,150,170,210,140,110,90,60,50,30,20,10,10
One Tree Hill,2070,70,80,110,120,110,110,100,140,150,190,210,170,150,110,100,70,40,20,20,910,30,30,50,40,50,60,40,50,70,80,110,80,80,60,50,30,20,10,10,1150,50,50,60,90,60,60,60,90,80,110,110,90,70,50,50,40,30,10,10
Oxley,1490,50,70,70,70,50,100,100,110,140,130,120,110,90,70,80,50,30,10,20,670,30,30,30,30,20,40,30,50,70,60,60,60,40,30,50,20,10,-,10,820,20,40,40,40,30,70,70,60,70,70,60,50,50,40,40,30,20,10,20
Paterson,240,10,20,10,10,10,10,20,30,30,30,20,20,10,10,10,-,-,-,-,110,10,10,10,10,-,-,10,10,10,10,10,10,10,10,-,-,-,-,-,130,10,10,10,10,10,-,10,10,20,10,10,10,10,-,-,-,-,-,-
Rochor - Total,13120,410,430,480,520,590,760,920,970,1070,1110,930,960,1020,910,790,490,350,230,210,6530,210,200,230,240,310,340,460,490,540,600,470,520,530,440,350,220,150,110,130,6590,200,230,250,280,280,420,460,480,530,510,460,430,480,480,440,260,210,120,80
Bencoolen,1310,40,40,40,40,60,80,100,90,100,110,110,110,110,100,70,40,30,30,30,620,20,10,20,10,20,30,50,40,50,60,60,60,70,40,30,20,10,10,10,690,20,20,30,30,30,40,50,50,50,50,50,50,40,60,40,30,20,20,20
Farrer Park,2660,80,90,120,120,120,150,180,200,230,240,200,170,200,190,140,80,50,50,40,1350,40,40,70,70,50,80,90,110,130,140,110,100,100,90,60,40,30,20,30,1310,40,50,60,60,70,70,100,100,110,110,90,80,110,100,80,50,30,30,10
Kampong Glam,120,-,-,-,-,-,10,10,10,10,10,-,10,10,10,-,-,-,10,20,80,-,-,-,-,-,-,10,10,10,10,-,-,-,10,-,-,-,10,20,40,-,-,-,-,-,10,-,-,-,10,-,10,-,-,-,-,-,-,-
Little India,3270,80,70,120,140,180,210,190,180,230,260,230,250,290,260,220,140,100,60,60,1680,40,40,60,70,110,100,100,100,100,140,120,140,160,130,110,60,40,40,40,1580,40,30,60,70,70,110,90,80,130,120,110,110,140,130,120,80,60,30,20
Mackenzie,110,-,10,-,10,-,10,10,20,20,10,10,-,-,-,-,-,-,-,-,60,-,10,-,-,-,-,10,10,10,10,-,-,-,-,-,-,-,-,-,50,-,-,-,-,-,10,10,10,10,10,10,-,-,-,-,-,-,-,-
Mount Emily,1630,90,90,70,60,40,90,170,230,220,200,100,80,70,50,30,10,10,10,10,770,50,40,30,30,20,30,70,100,110,110,50,40,40,30,20,10,10,-,10,860,40,60,40,40,20,60,100,130,110,90,50,40,30,20,20,10,10,-,10
Rochor Canal,-,-,-,-,-,-,-,-,-,-,-,-,-,-,-,-,-,-,-,-,-,-,-,-,-,-,-,-,-,-,-,-,-,-,-,-,-,-,-,-,-,-,-,-,-,-,-,-,-,-,-,-,-,-,-,-,-,-,-,-
Selegie,210,-,10,10,10,10,10,10,20,30,10,10,10,10,10,10,10,10,10,10,110,-,-,-,-,10,10,10,10,20,10,10,10,10,10,-,10,-,-,-,100,-,-,10,10,10,10,-,10,10,10,10,10,10,10,10,-,-,-,-
Sungei Road,2050,70,90,70,100,110,110,120,130,110,140,150,170,160,150,150,100,70,40,20,1020,30,40,30,40,60,50,60,60,50,90,60,100,90,70,70,50,30,20,-,1030,40,50,40,60,50,60,60,60,50,60,80,70,60,80,90,60,40,20,10
Victoria,1760,40,30,40,40,70,90,130,110,120,120,120,150,160,140,160,100,80,30,30,840,30,20,20,20,40,50,70,60,60,50,60,80,70,70,70,50,30,10,20,920,10,20,20,20,30,50,60,50,70,70,60,80,90,80,90,40,50,20,10
Seletar - Total,300,10,10,20,20,30,10,10,10,20,40,40,30,20,10,10,-,10,-,-,140,-,10,10,10,20,-,10,-,10,20,20,10,10,10,-,-,-,-,-,160,10,10,10,10,10,-,-,10,20,20,20,20,10,10,10,-,-,-,-
Pulau Punggol Barat,-,-,-,-,-,-,-,-,-,-,-,-,-,-,-,-,-,-,-,-,-,-,-,-,-,-,-,-,-,-,-,-,-,-,-,-,-,-,-,-,-,-,-,-,-,-,-,-,-,-,-,-,-,-,-,-,-,-,-,-
Pulau Punggol Timor,-,-,-,-,-,-,-,-,-,-,-,-,-,-,-,-,-,-,-,-,-,-,-,-,-,-,-,-,-,-,-,-,-,-,-,-,-,-,-,-,-,-,-,-,-,-,-,-,-,-,-,-,-,-,-,-,-,-,-,-
Seletar,280,10,10,20,20,30,10,-,10,20,40,40,20,10,10,10,-,10,-,-,130,-,10,10,10,20,-,-,-,10,20,20,10,-,10,-,-,-,-,-,150,10,10,10,10,10,-,-,10,20,20,20,10,10,10,10,-,-,-,-
Seletar Aerospace Park,20,-,-,-,-,-,-,-,-,-,-,-,-,-,-,-,-,-,-,-,-,-,-,-,-,-,-,-,-,-,-,-,-,-,-,-,-,-,-,-,-,-,-,-,-,-,-,-,-,-,-,-,-,-,-,-,-,-,-,-
Sembawang - Total,102640,6310,5820,6400,6400,6030,7690,9130,8570,8630,8960,7310,6720,5530,3790,2370,1330,900,520,260,50710,3190,2990,3250,3270,3060,3620,4490,4150,4070,4330,3740,3480,2840,1920,1120,550,380,180,70,51930,3120,2830,3150,3130,2960,4080,4640,4410,4550,4620,3560,3250,2700,1870,1240,770,520,340,190
Bidadari,-,-,-,-,-,-,-,-,-,-,-,-,-,-,-,-,-,-,-,-,-,-,-,-,-,-,-,-,-,-,-,-,-,-,-,-,-,-,-,-,-,-,-,-,-,-,-,-,-,-,-,-,-,-,-,-,-,-,-,-
Admiralty,13920,700,860,960,880,800,820,990,1210,1220,1300,980,940,820,560,380,230,150,100,40,6860,350,440,490,450,420,420,450,580,580,650,480,510,430,260,170,100,60,30,10,7060,350,410,470,430,380,410,540,630,640,650,500,430,400,300,210,130,90,70,20
Sembawang Central,34800,1830,1940,2120,2210,2250,2570,2810,2790,2840,3100,2600,2500,2130,1350,780,440,310,170,90,17060,930,980,1040,1120,1140,1230,1420,1310,1320,1450,1340,1250,1070,730,360,160,130,60,20,17740,900,970,1080,1090,1110,1340,1390,1480,1520,1650,1250,1250,1050,620,410,270,180,110,60
Sembawang East,17340,2070,850,800,780,780,2100,2690,1460,1290,1190,1000,840,540,410,260,140,80,50,20,8550,1050,450,400,390,370,860,1360,780,630,600,500,440,290,190,130,60,30,20,10,8790,1030,400,400,400,410,1240,1330,690,660,600,500,400,240,220,130,90,50,30,10
Sembawang North,25540,1080,1520,1770,1810,1580,1520,1610,2140,2260,2390,1940,1800,1600,1130,670,340,220,120,60,12750,550,810,910,970,810,790,740,1000,1060,1160,1020,920,810,570,330,150,100,40,20,12790,540,720,850,850,770,730,870,1140,1200,1230,920,870,790,560,340,190,130,80,40
Sembawang Springs,9090,560,550,640,580,460,550,940,860,870,810,640,470,320,270,210,140,120,70,60,4480,270,260,340,290,230,250,470,430,410,390,320,260,160,140,100,70,50,40,10,4610,290,290,300,290,230,300,470,440,460,420,310,200,160,130,100,70,70,40,40
Sembawang Straits,1910,60,100,120,140,160,140,100,110,140,160,160,180,120,80,70,40,20,10,10,980,40,50,70,70,90,70,50,60,60,80,80,90,70,40,30,20,10,10,-,930,30,50,50,70,70,70,50,50,80,80,80,90,50,40,40,20,10,10,-
Senoko North,10,-,-,-,-,-,-,-,-,-,-,-,-,-,-,-,-,-,-,-,-,-,-,-,-,-,-,-,-,-,-,-,-,-,-,-,-,-,-,-,-,-,-,-,-,-,-,-,-,-,-,-,-,-,-,-,-,-,-,-
Senoko South,30,-,-,-,-,-,-,-,-,-,-,-,-,-,-,-,-,-,-,-,-,-,-,-,-,-,-,-,-,-,-,-,-,-,-,-,-,-,-,-,-,-,-,-,-,-,-,-,-,-,-,-,-,-,-,-,-,-,-,-
The Wharves,-,-,-,-,-,-,-,-,-,-,-,-,-,-,-,-,-,-,-,-,-,-,-,-,-,-,-,-,-,-,-,-,-,-,-,-,-,-,-,-,-,-,-,-,-,-,-,-,-,-,-,-,-,-,-,-,-,-,-,-
Sengkang - Total,249370,16380,17600,15930,13630,13180,14320,21500,25100,22600,20390,15940,14960,13640,10070,6820,3390,2160,1130,660,122480,8370,9130,8080,7010,6750,6820,9630,11910,10980,10260,8260,7520,6690,4950,3230,1520,890,340,150,126890,8010,8470,7840,6620,6430,7500,11860,13190,11610,10130,7670,7440,6950,5120,3590,1870,1270,790,510
Anchorvale,48120,3790,3850,3290,2620,2060,2470,4690,5240,4520,4160,2660,2370,2290,1730,1200,610,330,160,90,23700,1920,2010,1680,1340,1020,1130,2070,2600,2170,2160,1470,1180,1100,820,570,270,130,60,20,24420,1870,1840,1600,1290,1040,1340,2610,2640,2350,2010,1200,1190,1200,910,630,340,200,100,70
Compassvale,20960,1670,1830,1450,900,630,990,1980,2760,2590,1640,970,900,830,740,540,280,180,60,30,10170,860,980,740,460,310,420,860,1280,1240,870,500,460,370,340,230,130,70,20,10,10790,810,850,710,440,320,570,1110,1470,1350,770,470,450,460,400,310,150,110,40,20
Fernvale,58800,4830,5270,3970,2780,2390,2660,5430,7280,6060,4590,3320,2800,2400,1910,1410,750,500,290,170,28860,2470,2750,2010,1410,1240,1230,2270,3450,3010,2420,1780,1450,1170,880,640,330,230,80,40,29950,2360,2530,1960,1370,1150,1430,3160,3830,3040,2170,1540,1350,1240,1040,770,420,270,210,130
Lorong Halus North,-,-,-,-,-,-,-,-,-,-,-,-,-,-,-,-,-,-,-,-,-,-,-,-,-,-,-,-,-,-,-,-,-,-,-,-,-,-,-,-,-,-,-,-,-,-,-,-,-,-,-,-,-,-,-,-,-,-,-,-
Rivervale,59700,2500,3060,3670,3840,4170,4090,4030,4300,4520,5200,4540,4630,4220,3030,1970,880,570,310,170,29460,1270,1550,1850,1990,2120,2070,1940,1990,2160,2530,2290,2300,2130,1540,980,410,220,90,40,30230,1220,1510,1810,1850,2050,2020,2090,2310,2370,2670,2250,2330,2090,1480,1000,470,350,220,140
Sengkang Town Centre,61790,3590,3590,3550,3490,3940,4110,5380,5530,4910,4800,4450,4260,3890,2660,1700,870,590,310,200,30290,1840,1840,1800,1820,2060,1970,2480,2590,2400,2280,2230,2120,1920,1370,810,390,240,90,40,31500,1740,1740,1750,1670,1880,2130,2900,2940,2510,2520,2220,2140,1970,1300,890,490,350,220,160
Sengkang West,10,-,-,-,-,-,-,-,-,-,-,-,-,-,-,-,-,-,-,-,-,-,-,-,-,-,-,-,-,-,-,-,-,-,-,-,-,-,-,-,-,-,-,-,-,-,-,-,-,-,-,-,-,-,-,-,-,-,-,-
Serangoon - Total,116900,3550,4380,5190,6160,7520,9320,8020,6930,7240,8220,8390,9410,10090,8410,6210,3220,2470,1380,810,56370,1840,2320,2660,3190,3940,4670,3980,3250,3350,3790,3900,4380,4800,4140,2970,1430,1020,520,230,60530,1720,2060,2520,2970,3580,4650,4040,3670,3900,4430,4490,5030,5290,4270,3250,1800,1450,860,580
Lorong Chuan,8490,290,390,480,570,610,640,490,450,530,660,710,730,640,450,340,170,180,100,80,4090,150,220,240,300,300,320,230,190,240,290,330,360,320,240,160,80,70,50,20,4400,140,180,240,270,310,320,260,260,300,380,380,370,320,210,170,90,110,60,50
Seletar Hills,14700,450,640,760,880,1100,1150,860,730,870,1100,1100,1200,1140,970,750,430,320,170,90,7250,250,370,390,430,580,580,440,340,390,510,500,570,570,510,380,210,150,70,20,7460,200,270,370,450,520,570,420,390,480,590,600,630,570,460,370,220,180,100,70
Serangoon Central,24760,700,780,880,1190,1400,2000,1920,1640,1440,1730,1670,1970,2330,2000,1430,700,550,260,150,11800,360,390,450,650,740,980,970,790,650,820,770,870,1070,960,670,300,230,100,50,12960,350,390,430,540,670,1020,950,850,790,910,910,1110,1270,1030,760,410,320,160,100
Serangoon Garden,36080,1040,1170,1530,1800,2240,2650,2300,1950,2190,2510,2510,2830,3240,2890,2200,1200,910,560,360,17220,530,580,770,940,1160,1320,1150,930,1040,1160,1200,1320,1530,1390,1010,540,360,210,100,18860,500,590,750,860,1090,1330,1150,1020,1150,1350,1310,1510,1720,1500,1190,660,560,350,260
Serangoon North,15940,480,610,800,950,1260,1450,1020,940,1000,1060,1290,1470,1340,1000,620,300,200,110,40,7840,250,320,400,460,690,760,500,440,480,500,580,720,670,500,330,110,80,40,10,8100,230,300,400,490,570,690,520,500,520,570,700,760,670,500,290,190,110,80,30
Serangoon North Ind Estate,10,-,-,-,-,-,-,-,-,-,-,-,-,-,-,-,-,-,-,-,-,-,-,-,-,-,-,-,-,-,-,-,-,-,-,-,-,-,-,-,-,-,-,-,-,-,-,-,-,-,-,-,-,-,-,-,-,-,-,-
Upper Paya Lebar,16920,590,780,740,780,900,1430,1430,1210,1210,1160,1110,1210,1390,1100,880,440,310,170,90,8160,300,430,410,410,470,700,700,560,550,520,530,550,650,540,420,200,140,60,30,8760,290,340,330,370,430,730,730,650,660,630,590,660,750,560,460,240,170,110,60
Simpang - Total,-,-,-,-,-,-,-,-,-,-,-,-,-,-,-,-,-,-,-,-,-,-,-,-,-,-,-,-,-,-,-,-,-,-,-,-,-,-,-,-,-,-,-,-,-,-,-,-,-,-,-,-,-,-,-,-,-,-,-,-
Pulau Seletar,-,-,-,-,-,-,-,-,-,-,-,-,-,-,-,-,-,-,-,-,-,-,-,-,-,-,-,-,-,-,-,-,-,-,-,-,-,-,-,-,-,-,-,-,-,-,-,-,-,-,-,-,-,-,-,-,-,-,-,-
Simpang North,-,-,-,-,-,-,-,-,-,-,-,-,-,-,-,-,-,-,-,-,-,-,-,-,-,-,-,-,-,-,-,-,-,-,-,-,-,-,-,-,-,-,-,-,-,-,-,-,-,-,-,-,-,-,-,-,-,-,-,-
Simpang South,-,-,-,-,-,-,-,-,-,-,-,-,-,-,-,-,-,-,-,-,-,-,-,-,-,-,-,-,-,-,-,-,-,-,-,-,-,-,-,-,-,-,-,-,-,-,-,-,-,-,-,-,-,-,-,-,-,-,-,-
Tanjong Irau,-,-,-,-,-,-,-,-,-,-,-,-,-,-,-,-,-,-,-,-,-,-,-,-,-,-,-,-,-,-,-,-,-,-,-,-,-,-,-,-,-,-,-,-,-,-,-,-,-,-,-,-,-,-,-,-,-,-,-,-
Singapore River - Total,3260,210,260,190,120,100,130,180,360,410,380,270,200,140,100,90,50,30,10,20,1540,90,120,90,50,50,50,70,150,200,200,140,110,70,50,50,30,20,10,10,1730,120,140,100,70,60,70,120,210,210,190,130,90,70,50,50,20,20,-,10
Boat Quay,130,-,-,-,-,-,10,-,10,10,10,10,10,10,10,10,10,10,-,-,70,-,-,-,-,-,-,-,10,-,10,10,10,-,-,10,10,-,-,-,60,-,-,-,-,-,-,-,10,-,-,-,10,10,10,-,-,-,-,-
Clarke Quay,130,10,10,10,-,10,10,10,10,10,20,10,10,-,-,-,-,-,-,10,70,-,-,-,-,-,10,10,10,10,10,10,10,-,-,-,-,-,-,10,50,10,-,-,-,-,-,10,10,10,-,10,-,-,-,-,-,-,-,-
Robertson Quay,3010,200,240,180,120,100,110,170,330,390,360,250,180,120,90,80,50,30,10,10,1390,90,110,90,50,40,50,60,130,190,180,130,100,60,40,40,20,10,-,-,1610,120,130,90,70,60,70,110,200,200,180,120,80,60,50,40,20,20,-,10
Southern Islands - Total,1940,110,140,110,100,90,90,90,150,170,230,210,190,120,70,30,20,10,-,-,920,60,60,40,30,30,40,30,50,80,110,110,120,80,40,20,10,-,-,-,1020,50,80,70,70,60,50,60,100,90,120,100,80,50,30,20,10,10,-,-
Sentosa,1940,110,140,110,100,90,90,90,150,170,230,210,190,120,70,30,20,10,-,-,920,60,60,40,30,30,40,30,50,80,110,110,120,80,40,20,10,-,-,-,1020,50,80,70,70,60,50,60,100,90,120,100,80,50,30,20,10,10,-,-
Southern Group,-,-,-,-,-,-,-,-,-,-,-,-,-,-,-,-,-,-,-,-,-,-,-,-,-,-,-,-,-,-,-,-,-,-,-,-,-,-,-,-,-,-,-,-,-,-,-,-,-,-,-,-,-,-,-,-,-,-,-,-
Straits View - Total,-,-,-,-,-,-,-,-,-,-,-,-,-,-,-,-,-,-,-,-,-,-,-,-,-,-,-,-,-,-,-,-,-,-,-,-,-,-,-,-,-,-,-,-,-,-,-,-,-,-,-,-,-,-,-,-,-,-,-,-
Straits View,-,-,-,-,-,-,-,-,-,-,-,-,-,-,-,-,-,-,-,-,-,-,-,-,-,-,-,-,-,-,-,-,-,-,-,-,-,-,-,-,-,-,-,-,-,-,-,-,-,-,-,-,-,-,-,-,-,-,-,-
Sungei Kadut - Total,750,20,40,40,30,50,50,40,50,40,60,60,60,60,40,40,20,30,10,10,380,10,20,20,10,20,20,20,20,20,40,30,20,30,30,20,10,20,10,-,370,10,20,20,20,30,30,20,30,20,20,30,30,30,20,20,10,20,10,10
Gali Batu,30,-,-,-,-,-,-,-,-,-,-,-,-,-,-,-,-,-,-,-,-,-,-,-,-,-,-,-,-,-,-,-,-,-,-,-,-,-,-,-,-,-,-,-,-,-,-,-,-,-,-,-,-,-,-,-,-,-,-,-
Kranji,10,-,-,-,-,-,-,-,-,-,-,-,-,-,-,-,-,-,-,-,-,-,-,-,-,-,-,-,-,-,-,-,-,-,-,-,-,-,-,-,-,-,-,-,-,-,-,-,-,-,-,-,-,-,-,-,-,-,-,-
Pang Sua,20,-,-,-,-,-,-,-,-,-,-,-,-,-,-,-,-,-,-,-,-,-,-,-,-,-,-,-,-,-,-,-,-,-,-,-,-,-,-,-,-,-,-,-,-,-,-,-,-,-,-,-,-,-,-,-,-,-,-,-
Reservoir View,20,-,-,-,-,-,-,-,-,-,-,-,-,-,-,-,-,-,-,-,-,-,-,-,-,-,-,-,-,-,-,-,-,-,-,-,-,-,-,-,-,-,-,-,-,-,-,-,-,-,-,-,-,-,-,-,-,-,-,-
Turf Club,670,20,30,30,30,50,50,40,40,40,50,50,50,50,40,40,20,30,10,10,330,10,20,10,10,20,20,20,20,20,20,30,20,30,20,20,10,20,10,-,340,10,10,10,20,30,30,20,20,20,20,20,30,30,20,20,10,20,10,-
Tampines - Total,259900,11740,11480,11990,13290,17590,21840,19990,18120,16880,17060,18730,21570,21360,16360,10540,4810,3490,1950,1110,127000,5940,5970,6220,6760,9030,11080,10000,8620,8170,8030,8700,10260,10350,8230,5160,2150,1390,650,290,132900,5790,5510,5770,6530,8570,10770,9990,9510,8710,9030,10030,11310,11010,8120,5380,2660,2110,1300,820
Simei,39450,1360,1710,1960,2120,2660,3210,2540,2650,2850,2990,2950,3360,3190,2450,1660,720,560,290,220,19050,710,860,1010,1050,1370,1590,1250,1160,1360,1420,1360,1560,1560,1240,830,320,250,90,60,20400,650,850,950,1070,1290,1620,1290,1490,1490,1580,1590,1790,1630,1210,830,400,310,200,160
Tampines East,130980,5390,5400,5910,6680,9230,11060,9400,8850,8150,8350,9710,11350,11330,8630,5510,2570,1870,1040,580,63960,2720,2820,3030,3380,4740,5740,4700,4280,3980,3910,4460,5420,5460,4330,2650,1140,710,350,140,67010,2680,2580,2880,3310,4480,5320,4700,4580,4170,4440,5250,5920,5870,4300,2860,1430,1150,690,430
Tampines North,8040,1150,530,260,240,200,1060,1620,730,440,290,300,240,260,250,220,80,80,70,40,3950,590,280,140,110,90,380,860,390,240,150,150,110,120,120,110,50,40,30,10,4090,560,250,120,120,110,680,760,330,210,140,140,130,140,120,110,30,40,40,40
Tampines West,79670,3790,3780,3800,4150,5340,6340,6320,5820,5360,5320,5640,6390,6410,4930,3090,1420,970,540,270,39150,1910,1980,2000,2170,2750,3270,3120,2750,2560,2510,2680,3050,3110,2480,1550,630,390,180,70,40510,1880,1800,1800,1980,2590,3070,3200,3070,2790,2810,2960,3340,3300,2450,1550,780,590,360,190
Xilin,1760,40,70,70,100,160,170,120,70,80,110,130,230,180,110,60,20,20,10,-,890,20,30,40,50,80,100,70,40,30,50,50,120,100,60,30,10,10,-,-,880,20,30,30,50,90,80,50,40,50,60,80,120,80,50,30,10,10,10,-
Tanglin - Total,21810,1070,1590,1370,1100,1000,1010,1200,1630,2000,2200,1760,1440,1250,1100,920,510,340,200,140,10100,530,740,640,510,440,440,470,660,890,1050,870,740,600,530,450,250,160,90,50,11700,540,850,730,600,560,570,730,970,1110,1150,880,690,640,570,480,260,190,110,90
Chatsworth,6890,340,440,410,310,270,290,420,610,720,780,600,420,350,310,280,170,90,50,30,3190,170,210,200,140,120,130,160,260,320,370,300,230,170,150,130,80,40,30,10,3690,170,230,210,160,160,170,260,350,400,400,300,190,170,170,150,90,50,30,20
Nassim,9520,500,810,630,540,440,430,480,680,860,940,710,620,540,470,400,200,140,80,70,4410,250,380,290,240,190,180,200,250,380,450,360,320,260,240,200,90,70,30,30,5110,250,420,340,300,250,260,270,430,480,490,360,300,280,240,200,100,70,40,40
Ridout,1520,80,100,80,70,70,80,90,100,120,120,120,110,100,90,80,40,30,20,20,690,40,40,40,30,30,40,30,50,60,50,50,60,50,40,40,20,10,10,10,830,40,70,50,40,40,40,60,50,60,70,70,50,50,50,40,20,20,10,10
Tyersall,3880,160,240,250,190,210,210,220,230,300,360,330,290,260,220,160,110,80,50,30,1810,80,110,110,90,100,100,80,100,120,170,170,150,120,100,70,60,40,20,10,2070,80,130,140,90,110,110,130,130,180,190,160,150,130,120,90,50,40,30,20
Tengah - Total,10,-,-,-,-,-,-,-,-,-,-,-,-,-,-,-,-,-,-,-,-,-,-,-,-,-,-,-,-,-,-,-,-,-,-,-,-,-,-,-,-,-,-,-,-,-,-,-,-,-,-,-,-,-,-,-,-,-,-,-
Brickland,-,-,-,-,-,-,-,-,-,-,-,-,-,-,-,-,-,-,-,-,-,-,-,-,-,-,-,-,-,-,-,-,-,-,-,-,-,-,-,-,-,-,-,-,-,-,-,-,-,-,-,-,-,-,-,-,-,-,-,-
Forest Hill,10,-,-,-,-,-,-,-,-,-,-,-,-,-,-,-,-,-,-,-,-,-,-,-,-,-,-,-,-,-,-,-,-,-,-,-,-,-,-,-,-,-,-,-,-,-,-,-,-,-,-,-,-,-,-,-,-,-,-,-
Garden,-,-,-,-,-,-,-,-,-,-,-,-,-,-,-,-,-,-,-,-,-,-,-,-,-,-,-,-,-,-,-,-,-,-,-,-,-,-,-,-,-,-,-,-,-,-,-,-,-,-,-,-,-,-,-,-,-,-,-,-
Park,-,-,-,-,-,-,-,-,-,-,-,-,-,-,-,-,-,-,-,-,-,-,-,-,-,-,-,-,-,-,-,-,-,-,-,-,-,-,-,-,-,-,-,-,-,-,-,-,-,-,-,-,-,-,-,-,-,-,-,-
Plantation,-,-,-,-,-,-,-,-,-,-,-,-,-,-,-,-,-,-,-,-,-,-,-,-,-,-,-,-,-,-,-,-,-,-,-,-,-,-,-,-,-,-,-,-,-,-,-,-,-,-,-,-,-,-,-,-,-,-,-,-
Tengah Industrial Estate,-,-,-,-,-,-,-,-,-,-,-,-,-,-,-,-,-,-,-,-,-,-,-,-,-,-,-,-,-,-,-,-,-,-,-,-,-,-,-,-,-,-,-,-,-,-,-,-,-,-,-,-,-,-,-,-,-,-,-,-
Toa Payoh - Total,121850,4350,5060,5300,5480,6180,8170,8360,8010,8580,9490,8780,9150,9320,7810,6760,4370,3650,1970,1070,57890,2190,2670,2750,2790,3080,3940,4030,3660,4010,4530,4250,4400,4540,3740,2980,1830,1440,720,350,63960,2170,2390,2550,2690,3100,4230,4320,4350,4570,4960,4540,4750,4780,4070,3780,2540,2210,1250,720
Boon Teck,14660,580,570,570,660,770,1000,1080,860,780,1010,1030,1170,1190,980,830,600,530,290,180,7210,290,300,290,340,400,500,560,410,370,510,520,580,660,510,380,240,190,100,60,7450,290,270,270,320,360,500,520,450,410,500,510,590,530,480,460,360,340,190,120
Braddell,9810,310,430,470,460,560,700,580,590,670,730,720,740,740,650,530,360,310,160,110,4590,150,220,240,230,260,360,270,260,290,350,330,360,350,310,240,150,120,60,30,5210,160,210,230,220,300,340,300,330,380,380,390,390,390,340,280,200,190,100,80
Joo Seng,8150,360,370,410,340,390,550,700,650,640,660,550,560,530,480,400,220,180,100,70,4030,180,230,230,190,210,250,340,310,310,340,270,280,270,220,170,100,70,30,20,4120,180,130,180,150,180,300,360,340,330,320,280,280,260,260,220,120,110,70,40
Kim Keat,7960,200,240,300,310,440,630,520,440,510,580,560,640,780,600,510,300,230,120,60,3840,110,130,160,160,210,320,260,220,220,290,290,310,380,300,210,120,100,40,20,4130,90,110,150,150,230,310,260,230,290,290,260,340,400,300,290,180,140,80,40
Lorong 8 Toa Payoh,7160,140,200,240,310,410,500,380,370,430,530,550,610,620,530,480,350,280,160,80,3420,80,110,130,150,200,240,200,170,200,230,270,290,310,240,230,160,120,70,20,3730,60,90,110,160,210,260,180,200,230,300,280,320,310,280,250,190,160,100,50
Pei Chun,10360,260,370,450,530,560,600,520,560,700,850,890,870,870,660,610,440,350,180,90,4940,140,180,220,270,300,300,250,250,330,380,430,440,440,330,260,180,160,60,30,5420,120,190,230,270,260,300,280,310,370,470,460,430,430,330,350,260,190,110,50
Potong Pasir,11720,360,450,460,520,510,730,840,820,870,940,810,840,980,960,780,390,260,160,50,5660,190,260,270,280,260,360,410,400,410,460,390,410,420,450,340,180,110,70,10,6060,180,190,190,240,260,370,430,420,460,480,430,430,550,510,440,210,150,90,40
Sennett,7190,420,380,350,350,310,600,770,570,500,530,370,420,430,370,320,180,140,90,90,3480,220,210,170,170,160,260,370,260,250,290,180,200,190,180,160,70,60,40,30,3720,200,170,180,190,150,340,400,310,250,250,190,210,250,190,160,100,80,60,50
Toa Payoh Central,28020,1060,1430,1390,1300,1490,1800,1690,2000,2330,2350,2090,2030,1920,1510,1320,900,760,430,220,12960,520,710,700,640,710,840,750,880,1100,1070,1000,950,950,700,560,370,290,150,80,15070,540,720,690,660,780,960,940,1130,1230,1270,1100,1090,970,800,760,530,470,290,140
Toa Payoh West,14360,560,500,510,530,610,880,1130,960,950,1090,1000,1100,1090,950,910,610,580,270,140,6570,260,240,260,290,300,430,560,440,440,500,460,510,490,420,390,240,220,100,40,7780,310,260,250,240,310,450,570,530,510,580,530,590,610,530,520,370,370,170,90
Woodleigh,2450,100,130,160,160,140,180,150,190,190,220,200,160,170,140,90,30,20,20,10,1200,50,80,90,70,70,90,70,80,90,110,110,70,90,70,40,10,10,10,-,1260,50,50,80,90,70,100,80,110,110,120,100,90,80,60,50,20,10,10,10
Tuas - Total,70,-,-,-,-,-,-,-,-,-,-,-,-,-,-,-,-,-,-,-,-,-,-,-,-,-,-,-,-,-,-,-,-,-,-,-,-,-,-,-,-,-,-,-,-,-,-,-,-,-,-,-,-,-,-,-,-,-,-,-
Tengeh,-,-,-,-,-,-,-,-,-,-,-,-,-,-,-,-,-,-,-,-,-,-,-,-,-,-,-,-,-,-,-,-,-,-,-,-,-,-,-,-,-,-,-,-,-,-,-,-,-,-,-,-,-,-,-,-,-,-,-,-
Tuas Bay,10,-,-,-,-,-,-,-,-,-,-,-,-,-,-,-,-,-,-,-,-,-,-,-,-,-,-,-,-,-,-,-,-,-,-,-,-,-,-,-,-,-,-,-,-,-,-,-,-,-,-,-,-,-,-,-,-,-,-,-
Tuas North,30,-,-,-,-,-,-,-,-,-,-,-,-,-,-,-,-,-,-,-,-,-,-,-,-,-,-,-,-,-,-,-,-,-,-,-,-,-,-,-,-,-,-,-,-,-,-,-,-,-,-,-,-,-,-,-,-,-,-,-
Tuas Promenade,10,-,-,-,-,-,-,-,-,-,-,-,-,-,-,-,-,-,-,-,-,-,-,-,-,-,-,-,-,-,-,-,-,-,-,-,-,-,-,-,-,-,-,-,-,-,-,-,-,-,-,-,-,-,-,-,-,-,-,-
Tuas View,10,-,-,-,-,-,-,-,-,-,-,-,-,-,-,-,-,-,-,-,-,-,-,-,-,-,-,-,-,-,-,-,-,-,-,-,-,-,-,-,-,-,-,-,-,-,-,-,-,-,-,-,-,-,-,-,-,-,-,-
Tuas View Extension,10,-,-,-,-,-,-,-,-,-,-,-,-,-,-,-,-,-,-,-,-,-,-,-,-,-,-,-,-,-,-,-,-,-,-,-,-,-,-,-,-,-,-,-,-,-,-,-,-,-,-,-,-,-,-,-,-,-,-,-
Western Islands - Total,10,-,-,-,-,-,-,-,-,-,-,-,-,-,-,-,-,-,-,-,-,-,-,-,-,-,-,-,-,-,-,-,-,-,-,-,-,-,-,-,-,-,-,-,-,-,-,-,-,-,-,-,-,-,-,-,-,-,-,-
Jurong Island And Bukom,10,-,-,-,-,-,-,-,-,-,-,-,-,-,-,-,-,-,-,-,-,-,-,-,-,-,-,-,-,-,-,-,-,-,-,-,-,-,-,-,-,-,-,-,-,-,-,-,-,-,-,-,-,-,-,-,-,-,-,-
Semakau,-,-,-,-,-,-,-,-,-,-,-,-,-,-,-,-,-,-,-,-,-,-,-,-,-,-,-,-,-,-,-,-,-,-,-,-,-,-,-,-,-,-,-,-,-,-,-,-,-,-,-,-,-,-,-,-,-,-,-,-
Sudong,-,-,-,-,-,-,-,-,-,-,-,-,-,-,-,-,-,-,-,-,-,-,-,-,-,-,-,-,-,-,-,-,-,-,-,-,-,-,-,-,-,-,-,-,-,-,-,-,-,-,-,-,-,-,-,-,-,-,-,-
Western Water Catchment - Total,640,30,50,20,20,130,50,30,60,70,40,30,50,50,10,-,-,-,-,-,290,10,30,10,10,20,20,10,30,40,20,20,30,30,10,-,-,-,-,-,350,20,20,10,10,110,20,20,30,30,20,20,20,20,-,-,-,-,-,-
Bahar,-,-,-,-,-,-,-,-,-,-,-,-,-,-,-,-,-,-,-,-,-,-,-,-,-,-,-,-,-,-,-,-,-,-,-,-,-,-,-,-,-,-,-,-,-,-,-,-,-,-,-,-,-,-,-,-,-,-,-,-
Cleantech,-,-,-,-,-,-,-,-,-,-,-,-,-,-,-,-,-,-,-,-,-,-,-,-,-,-,-,-,-,-,-,-,-,-,-,-,-,-,-,-,-,-,-,-,-,-,-,-,-,-,-,-,-,-,-,-,-,-,-,-
Murai,640,30,50,20,20,130,50,30,60,70,40,30,50,50,10,-,-,-,-,-,290,10,30,10,10,20,20,10,30,40,20,20,30,30,10,-,-,-,-,-,350,20,20,10,10,110,20,20,30,30,20,20,20,20,-,-,-,-,-,-
Woodlands - Total,255130,11490,12540,14460,17110,21430,20740,18160,17730,17910,20320,21560,20200,15890,10830,6980,3530,2410,1260,580,127990,5870,6480,7420,8900,11110,10630,8960,8520,8630,9660,10680,10580,8290,5590,3380,1600,1020,500,180,127150,5630,6070,7040,8210,10320,10100,9210,9210,9280,10660,10870,9620,7610,5240,3610,1920,1390,770,400
Greenwood Park,40,-,-,-,-,-,-,-,-,-,-,-,-,-,-,-,-,-,-,-,-,-,-,-,-,-,-,-,-,-,-,-,-,-,-,-,-,-,-,-,-,-,-,-,-,-,-,-,-,-,-,-,-,-,-,-,-,-,-,-
Midview,35270,1590,1640,1870,2480,3460,3220,2480,2290,2100,2520,3270,2960,2100,1400,830,470,320,160,110,17660,850,830,930,1270,1800,1680,1200,1120,1030,1120,1550,1600,1090,750,400,210,130,70,30,17610,740,800,940,1210,1660,1540,1280,1170,1080,1400,1720,1360,1010,650,440,260,180,100,80
North Coast,12100,300,350,470,650,970,1000,700,640,700,850,1030,1210,1030,800,670,340,230,120,50,6130,150,180,250,350,500,530,350,320,340,400,540,630,540,400,320,170,100,60,10,5970,150,170,220,300,470,470,340,330,360,450,500,570,490,400,350,180,130,70,30
Senoko West,20,-,-,-,-,-,-,-,-,-,-,-,-,-,-,-,-,-,-,-,-,-,-,-,-,-,-,-,-,-,-,-,-,-,-,-,-,-,-,-,-,-,-,-,-,-,-,-,-,-,-,-,-,-,-,-,-,-,-,-
Woodgrove,33790,980,1330,1740,2280,3320,3210,2060,1930,2170,2610,3300,3000,2350,1500,920,480,340,190,110,16870,480,700,880,1190,1700,1730,1070,920,1020,1220,1540,1550,1190,800,440,190,140,70,30,16920,500,630,850,1090,1620,1480,990,1010,1150,1390,1760,1450,1150,710,480,280,200,120,70
Woodlands East,98980,4960,5280,6010,6880,8020,7660,7520,7270,7460,8490,8020,7510,5710,3680,2220,1030,720,380,170,49490,2500,2720,3100,3560,4170,3820,3620,3500,3580,4040,4090,3940,3020,1860,1070,470,270,130,50,49500,2460,2570,2920,3320,3840,3850,3900,3770,3880,4450,3930,3570,2700,1820,1150,560,450,240,120
Woodlands Regional Centre,10,-,-,-,-,-,-,-,-,-,-,-,-,-,-,-,-,-,-,-,-,-,-,-,-,-,-,-,-,-,-,-,-,-,-,-,-,-,-,-,-,-,-,-,-,-,-,-,-,-,-,-,-,-,-,-,-,-,-,-
Woodlands South,41000,2100,2620,2850,2990,3080,2630,2880,3420,3540,3590,3190,2600,2020,1510,1000,480,290,170,60,20540,1080,1360,1460,1590,1600,1350,1380,1570,1730,1760,1640,1320,1020,780,480,220,140,60,20,20470,1020,1260,1390,1400,1480,1280,1500,1850,1810,1830,1550,1280,1000,740,520,260,160,110,40
Woodlands West,33910,1560,1320,1510,1830,2590,3010,2530,2170,1930,2250,2740,2920,2680,1940,1340,730,520,250,100,17260,800,690,790,940,1340,1530,1340,1080,930,1120,1330,1530,1430,1010,670,350,250,120,40,16650,760,630,720,890,1250,1480,1190,1090,1000,1130,1410,1390,1260,930,670,380,280,130,60
Yishun - Total,221610,11670,11480,10950,11250,13020,16710,18780,17930,16220,15820,15350,17760,15820,12110,7980,3960,2670,1420,730,109470,6090,5870,5640,5880,6660,8220,9110,8770,7950,7790,7520,8730,7740,6050,3830,1790,1110,530,210,112140,5580,5610,5310,5370,6360,8490,9670,9160,8280,8020,7830,9020,8070,6070,4150,2170,1570,900,520
Khatib,10250,310,320,380,460,590,940,800,640,590,650,740,1010,1040,770,510,250,130,90,40,4980,180,170,200,240,300,440,400,310,270,320,330,460,520,370,260,120,50,40,10,5270,130,150,180,230,290,490,400,330,320,340,410,550,520,400,250,140,80,50,20
Lower Seletar,18660,2220,1690,1160,940,770,1150,2740,2220,1490,1260,870,730,530,350,260,120,90,40,30,9240,1180,860,590,490,400,450,1250,1140,730,670,470,380,250,170,110,60,40,10,10,9420,1040,830,560,450,370,700,1500,1080,770,590,410,350,280,180,150,60,50,30,20
Nee Soon,890,30,50,50,60,50,50,50,40,60,90,80,90,60,50,40,30,10,10,10,440,10,30,30,30,30,20,30,20,20,40,40,50,30,30,20,20,-,10,-,450,10,20,30,30,20,20,30,20,40,40,40,40,40,20,20,20,10,10,10
Northland,28000,910,1030,1350,1510,1910,2320,1990,1790,1920,1940,2100,2640,2480,1790,1140,540,370,180,100,13930,440,520,690,840,990,1210,1070,860,950,930,1030,1250,1240,910,560,210,150,50,30,14070,470,510,650,680,920,1110,930,930,970,1020,1070,1380,1240,880,580,330,220,130,70
Springleaf,4370,130,170,250,300,320,410,250,180,260,310,290,370,350,290,240,120,80,30,20,2180,70,80,120,170,170,200,130,90,130,140,130,170,190,140,130,60,40,10,10,2190,60,90,120,130,150,210,120,90,140,180,160,200,170,150,120,60,40,20,10
Yishun Central,2620,100,120,150,130,170,220,200,210,230,220,190,210,170,150,80,50,30,20,10,1290,50,60,70,70,90,100,100,110,100,110,90,110,80,80,40,20,10,10,-,1340,50,60,70,50,80,110,100,100,130,110,100,100,90,70,40,30,20,10,10
Yishun East,60670,4270,4410,3270,2970,3300,4220,5420,6320,5050,4090,3850,4190,3440,2590,1670,730,510,250,120,30030,2240,2250,1650,1520,1670,2080,2430,3060,2590,2100,1880,2150,1690,1310,770,350,210,80,30,30640,2030,2170,1620,1450,1640,2140,3000,3260,2470,2000,1970,2040,1750,1280,910,380,300,170,90
Yishun South,42240,1930,1690,1920,2090,2500,3600,3720,2940,2810,3010,2890,3690,3250,2570,1740,830,580,320,170,20670,1000,870,1000,1080,1320,1720,1900,1440,1370,1410,1330,1760,1570,1270,850,380,250,110,50,21580,930,820,920,1010,1180,1880,1830,1500,1450,1600,1570,1920,1670,1290,890,460,340,200,130
Yishun West,53910,1780,1990,2440,2790,3410,3810,3590,3600,3810,4230,4330,4840,4500,3580,2320,1280,880,480,240,26720,920,1040,1280,1450,1710,1980,1820,1740,1800,2090,2240,2400,2180,1770,1110,580,360,190,70,27190,860,950,1160,1350,1700,1840,1770,1860,2010,2140,2100,2440,2330,1810,1210,700,520,290,170
